customer_id,customer_name,location_city,service_type,booking_date,booking_time_slot,service_rating,repeat_customer,preferred_freq
C9017,Raj,Bengaluru,standard,2025-03-24,Evening,3.7,0,On-demand
C7968,Sneha,Mumbai,kitchen_bathroom_only,2025-04-07,Afternoon,4.9,1,Weekly
C6911,Priya,Kolkata,kitchen_bathroom_only,2025-04-27,Afternoon,4.5,0,On-demand
C2851,Vikram,Bengaluru,deep_clean,2025-03-08,Afternoon,4.2,1,Bi-weekly
C8897,Anjali,Delhi,deep_clean,2025-04-13,Evening,3.3,1,Bi-weekly
C5276,Anjali,Bengaluru,kitchen_bathroom_only,2024-12-07,Evening,3.3,1,Weekly
C6360,Divya,Bengaluru,deep_clean,2025-05-10,Afternoon,3.1,0,On-demand
C7010,Anjali,Bengaluru,deep_clean,2025-04-15,Afternoon,4.7,1,Monthly
C3731,Priya,Kolkata,kitchen_bathroom_only,2025-04-14,Afternoon,4.2,0,Bi-weekly
C7645,Divya,Kolkata,kitchen_bathroom_only,2025-04-28,Morning,4.4,0,On-demand
C6770,Sneha,Chennai,standard,2024-12-23,Morning,3.0,0,Weekly
C7347,Sneha,Hyderabad,standard,2024-12-17,Evening,4.9,1,Monthly
C5865,Raj,Hyderabad,standard,2025-04-13,Evening,4.7,0,Monthly
C3814,Manoj,Mumbai,kitchen_bathroom_only,2025-05-17,Afternoon,3.4,1,Monthly
C5310,Rekha,Chennai,standard,2024-12-08,Afternoon,3.4,1,Monthly
C4262,Rekha,Mumbai,deep_clean,2024-12-21,Evening,3.4,1,Bi-weekly
C8426,Priya,Delhi,kitchen_bathroom_only,2025-03-06,Afternoon,3.6,1,Monthly
C5089,Priya,Hyderabad,deep_clean,2025-02-28,Evening,4.0,0,On-demand
C8677,Priya,Mumbai,standard,2025-03-22,Evening,3.9,1,Weekly
C6689,Manoj,Delhi,deep_clean,2025-05-22,Afternoon,3.6,0,On-demand
C4581,Vikram,Bengaluru,deep_clean,2024-12-11,Afternoon,4.2,0,Weekly
C8123,Sneha,Kolkata,standard,2025-03-17,Evening,3.3,1,Weekly
C9994,Raj,Chennai,deep_clean,2025-01-05,Evening,3.6,0,On-demand
C8482,Priya,Hyderabad,kitchen_bathroom_only,2025-04-22,Morning,3.7,0,On-demand
C5935,Nitin,Kolkata,standard,2025-02-03,Evening,3.9,0,Bi-weekly
C2547,Anjali,Chennai,standard,2024-12-20,Evening,4.6,0,Monthly
C2923,Anjali,Hyderabad,deep_clean,2025-04-20,Afternoon,3.4,0,On-demand
C5623,Sneha,Kolkata,kitchen_bathroom_only,2024-12-12,Evening,4.0,0,On-demand
C4600,Anjali,Hyderabad,kitchen_bathroom_only,2025-04-19,Afternoon,4.2,1,Bi-weekly
C4008,Divya,Bengaluru,deep_clean,2025-03-20,Morning,3.1,0,Bi-weekly
C7200,Manoj,Chennai,standard,2025-03-28,Afternoon,4.2,1,Weekly
C2209,Nitin,Hyderabad,deep_clean,2025-05-14,Evening,3.3,0,On-demand
C3381,Priya,Chennai,kitchen_bathroom_only,2025-05-28,Morning,3.1,1,Bi-weekly
C2309,Sneha,Bengaluru,standard,2025-01-05,Evening,4.9,0,Monthly
C2180,Anjali,Kolkata,standard,2024-12-16,Afternoon,4.9,0,Bi-weekly
C4216,Divya,Mumbai,deep_clean,2025-05-16,Morning,4.6,1,Weekly
C7646,Anjali,Mumbai,standard,2025-02-20,Morning,3.6,1,Bi-weekly
C4864,Anjali,Bengaluru,standard,2025-05-01,Evening,3.2,1,Monthly
C1746,Nitin,Mumbai,deep_clean,2025-02-02,Afternoon,4.4,1,Monthly
C4932,Sneha,Kolkata,standard,2025-01-23,Afternoon,3.9,0,On-demand
C9853,Raj,Mumbai,kitchen_bathroom_only,2025-04-03,Afternoon,3.2,1,Weekly
C7641,Priya,Bengaluru,standard,2024-12-24,Afternoon,4.0,1,Bi-weekly
C9850,Sneha,Bengaluru,deep_clean,2025-04-05,Afternoon,3.1,0,Weekly
C7751,Sneha,Chennai,kitchen_bathroom_only,2025-04-05,Afternoon,4.8,0,On-demand
C4258,Raj,Mumbai,deep_clean,2025-04-08,Afternoon,3.5,0,On-demand
C4220,Vikram,Delhi,kitchen_bathroom_only,2025-04-02,Evening,4.3,1,Weekly
C5677,Raj,Bengaluru,standard,2024-12-06,Afternoon,3.6,0,On-demand
C6843,Anjali,Bengaluru,deep_clean,2025-01-22,Evening,4.0,1,Monthly
C4133,Divya,Mumbai,deep_clean,2025-02-18,Evening,4.1,1,Monthly
C2624,Sneha,Hyderabad,deep_clean,2025-01-13,Morning,3.4,1,Weekly
C2816,Raj,Chennai,standard,2025-04-13,Evening,4.9,1,Monthly
C3009,Manoj,Kolkata,deep_clean,2025-04-17,Morning,4.6,0,On-demand
C1096,Priya,Kolkata,kitchen_bathroom_only,2025-01-27,Afternoon,4.9,0,Bi-weekly
C4007,Nitin,Chennai,kitchen_bathroom_only,2025-04-11,Morning,4.8,0,On-demand
C3178,Divya,Kolkata,kitchen_bathroom_only,2025-03-15,Evening,4.2,0,On-demand
C2602,Manoj,Bengaluru,deep_clean,2025-04-09,Morning,4.8,1,Weekly
C7827,Sneha,Kolkata,kitchen_bathroom_only,2025-05-09,Morning,3.2,1,Monthly
C4470,Priya,Kolkata,standard,2025-04-25,Evening,3.4,1,Bi-weekly
C6950,Priya,Chennai,standard,2025-04-13,Evening,3.1,0,On-demand
C3908,Sneha,Delhi,deep_clean,2025-05-11,Afternoon,3.7,1,Bi-weekly
C7593,Manoj,Chennai,deep_clean,2025-02-16,Evening,3.8,1,Weekly
C1071,Amit,Kolkata,standard,2024-12-25,Afternoon,3.5,1,Weekly
C8003,Raj,Chennai,deep_clean,2025-01-15,Afternoon,4.7,1,Bi-weekly
C1951,Anjali,Mumbai,deep_clean,2024-12-24,Morning,3.7,1,Weekly
C2325,Divya,Hyderabad,deep_clean,2025-03-26,Evening,3.6,0,Weekly
C6135,Rekha,Mumbai,kitchen_bathroom_only,2025-05-27,Afternoon,4.1,0,On-demand
C8494,Amit,Bengaluru,standard,2025-02-21,Afternoon,3.3,0,Monthly
C1618,Divya,Kolkata,kitchen_bathroom_only,2025-01-13,Morning,4.6,0,On-demand
C8971,Sneha,Kolkata,deep_clean,2025-01-03,Morning,3.1,0,On-demand
C1161,Vikram,Mumbai,kitchen_bathroom_only,2025-04-12,Morning,5.0,1,Weekly
C5423,Vikram,Delhi,standard,2025-01-22,Morning,4.5,0,Monthly
C8710,Divya,Chennai,standard,2025-05-27,Evening,3.4,1,Bi-weekly
C8476,Divya,Kolkata,standard,2025-01-06,Afternoon,3.0,0,On-demand
C4154,Rekha,Hyderabad,standard,2025-05-20,Morning,4.6,0,On-demand
C8481,Manoj,Delhi,standard,2025-05-09,Afternoon,4.4,1,Bi-weekly
C6192,Sneha,Delhi,kitchen_bathroom_only,2025-05-09,Morning,4.5,0,Bi-weekly
C1203,Vikram,Kolkata,standard,2025-01-02,Morning,4.5,0,On-demand
C2301,Priya,Kolkata,deep_clean,2025-01-07,Afternoon,3.1,0,Monthly
C4717,Anjali,Delhi,standard,2025-02-01,Morning,3.7,0,Bi-weekly
C9637,Priya,Delhi,deep_clean,2025-02-07,Evening,3.2,1,Monthly
C2213,Priya,Bengaluru,deep_clean,2025-01-20,Evening,4.7,0,Monthly
C4302,Amit,Bengaluru,standard,2025-05-07,Morning,4.2,0,Monthly
C3831,Raj,Hyderabad,standard,2025-03-28,Evening,3.7,0,On-demand
C4469,Amit,Bengaluru,deep_clean,2024-12-10,Afternoon,3.1,1,Monthly
C3482,Sneha,Kolkata,kitchen_bathroom_only,2025-03-18,Morning,3.6,0,On-demand
C1351,Nitin,Chennai,kitchen_bathroom_only,2025-04-15,Afternoon,3.7,1,Monthly
C2392,Priya,Delhi,deep_clean,2025-03-25,Afternoon,4.5,0,Monthly
C2379,Amit,Bengaluru,kitchen_bathroom_only,2025-01-27,Evening,4.3,0,On-demand
C2446,Divya,Kolkata,deep_clean,2024-12-25,Evening,4.8,1,Bi-weekly
C6254,Manoj,Delhi,standard,2025-04-28,Afternoon,3.9,0,Bi-weekly
C9538,Sneha,Delhi,deep_clean,2025-05-26,Afternoon,3.2,0,Bi-weekly
C6138,Anjali,Kolkata,kitchen_bathroom_only,2025-05-09,Evening,4.4,0,Monthly
C3595,Amit,Chennai,standard,2025-04-03,Evening,4.5,0,Bi-weekly
C2469,Manoj,Mumbai,deep_clean,2025-02-02,Morning,4.1,0,On-demand
C7665,Divya,Delhi,deep_clean,2024-12-18,Evening,4.5,1,Monthly
C8146,Vikram,Mumbai,kitchen_bathroom_only,2025-05-10,Morning,4.0,1,Monthly
C1028,Anjali,Chennai,deep_clean,2025-03-27,Evening,4.0,0,Monthly
C1752,Raj,Mumbai,kitchen_bathroom_only,2025-05-24,Afternoon,3.9,1,Bi-weekly
C1395,Anjali,Kolkata,kitchen_bathroom_only,2025-04-04,Morning,3.1,1,Monthly
C8795,Manoj,Hyderabad,kitchen_bathroom_only,2025-03-03,Morning,3.2,1,Weekly
C4276,Anjali,Chennai,kitchen_bathroom_only,2025-01-06,Evening,3.1,0,On-demand
C4722,Anjali,Hyderabad,kitchen_bathroom_only,2025-01-04,Evening,4.3,1,Weekly
C8968,Divya,Mumbai,standard,2025-01-07,Evening,3.6,0,On-demand
C6391,Priya,Delhi,kitchen_bathroom_only,2025-01-18,Afternoon,4.0,1,Weekly
C1886,Manoj,Kolkata,standard,2024-12-18,Morning,4.8,0,Weekly
C8208,Vikram,Chennai,deep_clean,2025-04-26,Evening,3.5,1,Bi-weekly
C2182,Priya,Chennai,kitchen_bathroom_only,2025-02-01,Afternoon,3.8,0,On-demand
C7707,Anjali,Chennai,kitchen_bathroom_only,2025-01-15,Afternoon,4.5,0,Weekly
C4759,Nitin,Chennai,standard,2025-01-10,Afternoon,3.5,0,On-demand
C3669,Manoj,Hyderabad,kitchen_bathroom_only,2025-02-22,Evening,3.2,0,Monthly
C5519,Raj,Bengaluru,kitchen_bathroom_only,2025-02-25,Morning,3.6,1,Weekly
C8363,Divya,Mumbai,standard,2025-02-17,Afternoon,3.3,1,Weekly
C8204,Priya,Bengaluru,deep_clean,2024-12-15,Evening,4.9,1,Bi-weekly
C5633,Manoj,Chennai,kitchen_bathroom_only,2025-05-24,Morning,4.6,0,Bi-weekly
C6188,Rekha,Mumbai,kitchen_bathroom_only,2025-04-24,Morning,4.3,0,Bi-weekly
C6384,Priya,Chennai,kitchen_bathroom_only,2025-03-18,Evening,4.7,1,Monthly
C4318,Priya,Chennai,kitchen_bathroom_only,2024-12-27,Afternoon,4.6,0,On-demand
C8776,Amit,Mumbai,kitchen_bathroom_only,2025-05-02,Afternoon,3.4,0,Monthly
C8045,Anjali,Hyderabad,standard,2025-05-12,Morning,4.8,0,On-demand
C9671,Sneha,Bengaluru,kitchen_bathroom_only,2025-04-04,Evening,4.1,0,Bi-weekly
C4340,Nitin,Chennai,standard,2025-01-01,Evening,4.6,0,Bi-weekly
C5132,Anjali,Kolkata,kitchen_bathroom_only,2024-12-28,Morning,4.8,1,Bi-weekly
C1415,Vikram,Hyderabad,deep_clean,2025-05-20,Evening,3.6,0,Monthly
C8611,Vikram,Mumbai,standard,2025-01-28,Evening,3.2,1,Bi-weekly
C4453,Raj,Kolkata,kitchen_bathroom_only,2025-05-29,Morning,3.5,0,On-demand
C9815,Sneha,Delhi,standard,2025-05-16,Evening,3.9,1,Monthly
C3197,Sneha,Delhi,deep_clean,2025-02-15,Evening,4.6,1,Bi-weekly
C7608,Sneha,Kolkata,kitchen_bathroom_only,2025-03-05,Morning,4.7,1,Bi-weekly
C6864,Anjali,Mumbai,standard,2025-03-24,Afternoon,3.0,0,On-demand
C7478,Raj,Delhi,kitchen_bathroom_only,2025-05-25,Evening,4.0,0,On-demand
C1262,Divya,Mumbai,deep_clean,2025-02-25,Morning,3.8,0,On-demand
C9383,Divya,Kolkata,deep_clean,2024-12-06,Morning,3.4,1,Monthly
C7210,Sneha,Kolkata,kitchen_bathroom_only,2025-02-24,Afternoon,3.2,0,Monthly
C5501,Priya,Kolkata,standard,2024-12-17,Morning,3.7,1,Monthly
C8711,Vikram,Chennai,standard,2025-04-23,Afternoon,4.9,0,Weekly
C9354,Raj,Mumbai,kitchen_bathroom_only,2024-12-22,Evening,3.6,1,Weekly
C7971,Vikram,Mumbai,kitchen_bathroom_only,2024-12-25,Morning,4.0,1,Bi-weekly
C4869,Amit,Bengaluru,kitchen_bathroom_only,2025-05-15,Morning,4.4,0,On-demand
C7007,Nitin,Kolkata,deep_clean,2024-12-21,Evening,3.7,0,On-demand
C2636,Amit,Bengaluru,deep_clean,2025-03-17,Afternoon,4.9,0,On-demand
C9818,Vikram,Hyderabad,kitchen_bathroom_only,2025-04-09,Evening,4.9,0,On-demand
C4194,Divya,Delhi,standard,2025-03-22,Evening,3.5,1,Bi-weekly
C2389,Anjali,Delhi,kitchen_bathroom_only,2025-05-25,Afternoon,4.0,1,Bi-weekly
C7258,Raj,Hyderabad,kitchen_bathroom_only,2025-02-13,Evening,3.6,0,On-demand
C4409,Anjali,Chennai,kitchen_bathroom_only,2024-12-22,Evening,3.6,1,Monthly
C5470,Priya,Hyderabad,standard,2025-03-03,Evening,3.1,0,Bi-weekly
C4143,Amit,Kolkata,kitchen_bathroom_only,2024-12-08,Morning,4.2,1,Weekly
C6427,Rekha,Hyderabad,standard,2025-01-29,Evening,4.0,0,Monthly
C5283,Vikram,Bengaluru,deep_clean,2024-12-06,Evening,3.1,1,Monthly
C2535,Manoj,Hyderabad,standard,2025-06-02,Afternoon,3.6,0,On-demand
C8313,Nitin,Chennai,kitchen_bathroom_only,2024-12-25,Afternoon,4.8,0,On-demand
C2542,Divya,Delhi,standard,2024-12-21,Evening,3.5,1,Weekly
C9510,Priya,Chennai,standard,2024-12-19,Morning,3.3,0,Monthly
C6138,Vikram,Hyderabad,deep_clean,2025-02-10,Evening,4.0,1,Monthly
C1007,Priya,Delhi,standard,2024-12-09,Evening,5.0,1,Monthly
C5794,Anjali,Delhi,standard,2025-05-23,Morning,3.5,0,On-demand
C8528,Nitin,Chennai,deep_clean,2025-02-18,Morning,4.3,0,Bi-weekly
C9700,Divya,Hyderabad,kitchen_bathroom_only,2024-12-17,Morning,4.5,0,On-demand
C9058,Divya,Hyderabad,deep_clean,2024-12-29,Morning,3.5,0,Monthly
C5458,Nitin,Kolkata,standard,2025-05-25,Morning,4.5,1,Bi-weekly
C2962,Vikram,Mumbai,deep_clean,2025-05-12,Afternoon,3.7,0,On-demand
C9309,Amit,Delhi,kitchen_bathroom_only,2025-01-08,Evening,4.3,0,Bi-weekly
C7279,Priya,Delhi,kitchen_bathroom_only,2025-03-27,Morning,4.3,0,Monthly
C6364,Anjali,Mumbai,standard,2025-05-18,Morning,4.1,0,Bi-weekly
C4053,Divya,Hyderabad,kitchen_bathroom_only,2025-02-08,Afternoon,3.2,1,Bi-weekly
C2845,Vikram,Chennai,standard,2025-01-19,Evening,4.7,1,Bi-weekly
C8166,Manoj,Mumbai,standard,2025-03-24,Afternoon,3.6,0,Monthly
C2136,Rekha,Delhi,deep_clean,2025-05-11,Morning,3.4,1,Weekly
C6240,Sneha,Kolkata,standard,2024-12-05,Evening,3.1,0,Bi-weekly
C1337,Sneha,Hyderabad,kitchen_bathroom_only,2025-04-12,Afternoon,4.2,1,Weekly
C1475,Manoj,Chennai,standard,2025-01-17,Afternoon,4.4,0,On-demand
C9128,Divya,Hyderabad,standard,2025-04-26,Evening,3.0,1,Monthly
C2129,Manoj,Chennai,kitchen_bathroom_only,2024-12-30,Morning,4.0,0,On-demand
C9492,Amit,Chennai,standard,2024-12-23,Evening,3.5,0,Bi-weekly
C9004,Vikram,Chennai,kitchen_bathroom_only,2024-12-21,Morning,4.3,0,Monthly
C2162,Nitin,Chennai,kitchen_bathroom_only,2025-01-26,Afternoon,3.3,1,Weekly
C8419,Amit,Delhi,kitchen_bathroom_only,2025-04-19,Morning,4.4,0,On-demand
C3351,Amit,Hyderabad,standard,2025-01-22,Evening,3.8,0,Monthly
C5275,Vikram,Chennai,kitchen_bathroom_only,2024-12-27,Evening,4.9,1,Weekly
C8696,Divya,Kolkata,standard,2025-01-19,Evening,3.3,0,On-demand
C7753,Amit,Chennai,deep_clean,2025-01-04,Morning,3.7,0,On-demand
C2347,Rekha,Bengaluru,kitchen_bathroom_only,2025-03-30,Morning,3.2,0,Bi-weekly
C5016,Sneha,Chennai,standard,2025-03-23,Morning,4.8,0,On-demand
C2596,Rekha,Mumbai,deep_clean,2025-04-15,Morning,4.8,0,Bi-weekly
C3542,Amit,Hyderabad,kitchen_bathroom_only,2025-05-17,Afternoon,3.5,1,Bi-weekly
C6608,Nitin,Hyderabad,kitchen_bathroom_only,2025-01-27,Evening,4.3,0,Monthly
C5158,Manoj,Mumbai,kitchen_bathroom_only,2025-05-03,Afternoon,4.6,1,Bi-weekly
C6017,Vikram,Delhi,standard,2025-03-03,Afternoon,4.1,1,Monthly
C4136,Manoj,Chennai,deep_clean,2025-01-30,Afternoon,4.1,1,Bi-weekly
C3393,Anjali,Kolkata,kitchen_bathroom_only,2024-12-19,Afternoon,3.5,0,Monthly
C1600,Anjali,Delhi,standard,2024-12-30,Morning,3.2,0,Weekly
C3016,Anjali,Delhi,deep_clean,2025-03-27,Morning,4.8,0,On-demand
C1033,Vikram,Bengaluru,deep_clean,2025-05-21,Morning,4.8,0,Weekly
C1395,Raj,Bengaluru,deep_clean,2025-05-15,Evening,4.3,0,Bi-weekly
C1829,Vikram,Mumbai,kitchen_bathroom_only,2025-04-25,Afternoon,3.7,0,Monthly
C2060,Raj,Bengaluru,deep_clean,2025-03-12,Evening,3.7,0,On-demand
C6470,Amit,Chennai,standard,2025-01-07,Evening,4.5,0,Weekly
C7452,Vikram,Hyderabad,standard,2025-05-03,Morning,4.8,0,On-demand
C4882,Divya,Bengaluru,deep_clean,2025-01-12,Evening,4.8,1,Bi-weekly
C9993,Sneha,Kolkata,kitchen_bathroom_only,2025-02-07,Evening,4.6,0,Monthly
C1647,Priya,Delhi,deep_clean,2025-01-13,Evening,4.3,0,Monthly
C6625,Priya,Delhi,standard,2024-12-06,Evening,3.2,1,Bi-weekly
C7359,Anjali,Delhi,standard,2025-03-28,Evening,3.3,1,Bi-weekly
C2792,Sneha,Bengaluru,kitchen_bathroom_only,2025-02-22,Evening,4.8,0,Bi-weekly
C4199,Anjali,Mumbai,deep_clean,2025-02-06,Morning,4.2,0,On-demand
C4630,Divya,Mumbai,kitchen_bathroom_only,2025-01-02,Afternoon,3.0,0,Weekly
C7195,Amit,Delhi,kitchen_bathroom_only,2024-12-15,Afternoon,3.2,0,Monthly
C1560,Manoj,Delhi,standard,2025-05-30,Morning,4.3,1,Monthly
C4561,Anjali,Mumbai,deep_clean,2025-04-17,Afternoon,3.0,1,Weekly
C1076,Nitin,Delhi,kitchen_bathroom_only,2025-04-20,Morning,3.3,1,Weekly
C3555,Manoj,Hyderabad,kitchen_bathroom_only,2025-04-04,Evening,4.1,0,On-demand
C8358,Rekha,Chennai,standard,2024-12-06,Evening,4.4,0,Monthly
C9718,Rekha,Hyderabad,deep_clean,2024-12-28,Evening,4.3,1,Bi-weekly
C9880,Nitin,Hyderabad,deep_clean,2024-12-30,Morning,3.4,0,On-demand
C5551,Anjali,Mumbai,standard,2025-02-22,Afternoon,4.4,0,Weekly
C5198,Divya,Kolkata,deep_clean,2025-02-13,Afternoon,3.5,0,On-demand
C7663,Rekha,Kolkata,deep_clean,2025-04-24,Afternoon,3.7,0,Monthly
C5546,Priya,Mumbai,deep_clean,2025-04-21,Evening,4.5,1,Monthly
C6737,Rekha,Hyderabad,deep_clean,2025-05-01,Morning,4.3,1,Bi-weekly
C9632,Rekha,Hyderabad,standard,2024-12-18,Evening,4.7,1,Monthly
C4754,Manoj,Hyderabad,standard,2025-05-25,Morning,4.3,1,Bi-weekly
C8141,Vikram,Kolkata,kitchen_bathroom_only,2025-04-16,Evening,4.1,0,Weekly
C9877,Manoj,Mumbai,standard,2025-04-08,Morning,3.2,0,Monthly
C1404,Amit,Hyderabad,kitchen_bathroom_only,2025-03-09,Morning,3.7,1,Monthly
C8867,Sneha,Mumbai,deep_clean,2025-02-26,Evening,3.5,1,Monthly
C7033,Sneha,Mumbai,deep_clean,2025-01-23,Morning,3.5,0,On-demand
C8487,Anjali,Hyderabad,standard,2025-05-17,Morning,4.9,1,Weekly
C9874,Sneha,Bengaluru,deep_clean,2025-03-30,Evening,3.8,0,Bi-weekly
C6693,Divya,Hyderabad,kitchen_bathroom_only,2025-03-01,Evening,4.8,1,Weekly
C4137,Priya,Hyderabad,kitchen_bathroom_only,2025-05-08,Evening,4.3,0,On-demand
C3620,Nitin,Chennai,deep_clean,2025-03-02,Morning,4.6,0,On-demand
C7109,Nitin,Bengaluru,kitchen_bathroom_only,2025-02-22,Evening,4.0,1,Monthly
C9037,Amit,Mumbai,standard,2025-03-14,Evening,4.2,0,Weekly
C8010,Manoj,Mumbai,standard,2025-04-25,Evening,4.0,0,Monthly
C4123,Amit,Bengaluru,standard,2025-03-29,Afternoon,3.4,1,Bi-weekly
C3368,Nitin,Chennai,standard,2024-12-17,Morning,4.4,0,Weekly
C3191,Sneha,Mumbai,kitchen_bathroom_only,2025-04-08,Evening,3.6,1,Monthly
C7897,Vikram,Kolkata,standard,2025-02-20,Morning,3.0,0,On-demand
C7857,Sneha,Chennai,deep_clean,2025-04-13,Evening,4.3,1,Bi-weekly
C9243,Vikram,Mumbai,deep_clean,2025-05-05,Afternoon,3.4,1,Monthly
C6933,Divya,Chennai,standard,2024-12-23,Afternoon,4.9,0,Bi-weekly
C5161,Priya,Hyderabad,standard,2025-02-14,Afternoon,4.9,1,Weekly
C7109,Priya,Delhi,standard,2024-12-13,Evening,4.8,0,Monthly
C6366,Vikram,Bengaluru,standard,2024-12-29,Morning,3.7,1,Weekly
C5683,Nitin,Delhi,deep_clean,2025-01-27,Afternoon,3.0,1,Monthly
C9908,Amit,Kolkata,standard,2025-01-09,Afternoon,4.9,1,Monthly
C5888,Sneha,Chennai,kitchen_bathroom_only,2025-02-10,Afternoon,3.9,1,Weekly
C1333,Priya,Delhi,deep_clean,2025-01-09,Evening,4.9,1,Bi-weekly
C8449,Anjali,Hyderabad,deep_clean,2025-03-15,Morning,4.9,1,Weekly
C4075,Nitin,Kolkata,standard,2024-12-17,Morning,4.7,0,On-demand
C7162,Raj,Kolkata,standard,2025-03-26,Evening,3.6,0,On-demand
C2017,Vikram,Bengaluru,kitchen_bathroom_only,2025-01-10,Afternoon,3.8,1,Bi-weekly
C8143,Amit,Mumbai,kitchen_bathroom_only,2025-04-22,Afternoon,4.7,0,On-demand
C8497,Rekha,Bengaluru,kitchen_bathroom_only,2025-04-06,Afternoon,3.6,1,Weekly
C6599,Vikram,Bengaluru,deep_clean,2025-03-06,Afternoon,3.3,0,Monthly
C9358,Rekha,Bengaluru,deep_clean,2024-12-16,Morning,4.1,1,Weekly
C2918,Divya,Mumbai,deep_clean,2025-04-08,Afternoon,4.9,0,Bi-weekly
C6433,Vikram,Chennai,kitchen_bathroom_only,2025-04-21,Morning,4.4,0,On-demand
C4612,Vikram,Bengaluru,kitchen_bathroom_only,2025-01-17,Morning,4.1,0,Bi-weekly
C1548,Vikram,Kolkata,standard,2025-05-25,Evening,3.2,1,Weekly
C2134,Manoj,Kolkata,deep_clean,2025-05-30,Morning,4.2,0,Monthly
C9689,Amit,Hyderabad,deep_clean,2025-05-15,Afternoon,5.0,1,Weekly
C7381,Anjali,Kolkata,kitchen_bathroom_only,2025-02-13,Evening,3.3,1,Bi-weekly
C6502,Raj,Hyderabad,standard,2025-02-20,Evening,4.0,0,On-demand
C4336,Rekha,Mumbai,deep_clean,2025-02-04,Evening,4.8,0,Monthly
C3335,Priya,Hyderabad,kitchen_bathroom_only,2025-03-18,Evening,4.5,0,Weekly
C8090,Priya,Delhi,kitchen_bathroom_only,2025-02-09,Morning,4.4,0,On-demand
C2126,Divya,Chennai,standard,2025-03-10,Afternoon,4.4,0,Monthly
C7988,Raj,Mumbai,standard,2025-02-15,Evening,3.7,0,On-demand
C1550,Amit,Hyderabad,kitchen_bathroom_only,2024-12-20,Morning,3.6,1,Monthly
C7412,Rekha,Delhi,kitchen_bathroom_only,2025-05-29,Evening,4.6,0,On-demand
C1492,Raj,Hyderabad,deep_clean,2025-05-14,Morning,4.6,0,Weekly
C1497,Sneha,Kolkata,kitchen_bathroom_only,2025-05-31,Evening,4.7,0,On-demand
C6645,Vikram,Delhi,deep_clean,2025-01-16,Evening,4.8,0,Monthly
C1118,Amit,Chennai,kitchen_bathroom_only,2025-05-07,Morning,4.0,1,Weekly
C1486,Sneha,Mumbai,kitchen_bathroom_only,2025-03-16,Morning,4.0,0,Monthly
C7977,Manoj,Hyderabad,kitchen_bathroom_only,2025-04-09,Evening,4.6,0,Bi-weekly
C5706,Priya,Hyderabad,deep_clean,2025-05-13,Evening,4.3,0,On-demand
C8532,Sneha,Mumbai,deep_clean,2025-04-30,Morning,4.4,0,On-demand
C7655,Divya,Delhi,deep_clean,2025-03-28,Morning,4.6,1,Bi-weekly
C4125,Vikram,Delhi,standard,2025-05-02,Morning,4.8,0,On-demand
C2468,Priya,Mumbai,kitchen_bathroom_only,2025-01-24,Morning,3.7,0,Monthly
C5027,Nitin,Hyderabad,deep_clean,2025-03-23,Evening,3.8,0,Bi-weekly
C5593,Vikram,Chennai,deep_clean,2025-01-17,Afternoon,3.2,0,Weekly
C8912,Priya,Bengaluru,standard,2025-01-10,Morning,4.2,1,Weekly
C4642,Manoj,Hyderabad,kitchen_bathroom_only,2025-03-11,Evening,3.1,1,Bi-weekly
C2193,Rekha,Bengaluru,deep_clean,2024-12-17,Evening,3.9,0,On-demand
C5919,Divya,Delhi,standard,2024-12-15,Morning,4.1,1,Monthly
C5553,Anjali,Delhi,kitchen_bathroom_only,2025-04-12,Evening,3.6,0,Bi-weekly
C6207,Divya,Delhi,standard,2025-05-15,Afternoon,4.2,1,Monthly
C8730,Priya,Delhi,deep_clean,2025-02-11,Morning,3.1,0,Weekly
C8570,Raj,Kolkata,kitchen_bathroom_only,2025-03-10,Morning,3.1,1,Monthly
C1950,Amit,Chennai,deep_clean,2024-12-12,Morning,4.6,1,Monthly
C3278,Amit,Hyderabad,deep_clean,2025-06-01,Afternoon,3.7,0,Weekly
C3451,Priya,Hyderabad,deep_clean,2025-02-11,Afternoon,3.3,0,Monthly
C8761,Nitin,Hyderabad,kitchen_bathroom_only,2025-05-12,Afternoon,4.0,1,Bi-weekly
C7419,Sneha,Chennai,kitchen_bathroom_only,2025-03-04,Morning,4.5,0,On-demand
C2391,Priya,Chennai,deep_clean,2025-01-29,Evening,3.4,0,On-demand
C1892,Priya,Bengaluru,standard,2025-05-27,Afternoon,4.2,0,Monthly
C6383,Raj,Hyderabad,deep_clean,2025-03-24,Morning,3.2,0,Monthly
C2111,Vikram,Delhi,standard,2025-04-03,Morning,3.1,0,Monthly
C2107,Raj,Kolkata,standard,2024-12-17,Morning,4.1,0,Weekly
C9397,Rekha,Delhi,deep_clean,2025-03-05,Evening,4.1,1,Bi-weekly
C3153,Amit,Mumbai,standard,2025-04-21,Afternoon,4.3,0,On-demand
C6441,Manoj,Chennai,standard,2025-03-24,Morning,4.5,0,Bi-weekly
C3812,Sneha,Delhi,deep_clean,2024-12-10,Evening,5.0,0,Bi-weekly
C7244,Divya,Delhi,deep_clean,2024-12-17,Evening,4.0,0,Weekly
C6861,Sneha,Hyderabad,deep_clean,2025-02-21,Evening,3.6,0,On-demand
C7432,Amit,Hyderabad,standard,2025-05-31,Afternoon,4.6,1,Bi-weekly
C6337,Nitin,Chennai,deep_clean,2025-02-17,Morning,3.5,0,Monthly
C1019,Divya,Kolkata,standard,2025-04-07,Morning,3.9,0,Monthly
C8667,Nitin,Kolkata,standard,2025-05-09,Evening,3.2,0,Monthly
C1499,Vikram,Mumbai,standard,2025-03-13,Evening,3.1,0,On-demand
C6402,Anjali,Kolkata,kitchen_bathroom_only,2024-12-18,Evening,4.9,0,Weekly
C1602,Vikram,Mumbai,deep_clean,2024-12-12,Afternoon,4.7,1,Monthly
C1712,Divya,Chennai,deep_clean,2025-04-10,Afternoon,4.4,0,On-demand
C1985,Divya,Kolkata,kitchen_bathroom_only,2025-01-16,Morning,3.8,0,Bi-weekly
C5207,Sneha,Kolkata,kitchen_bathroom_only,2025-02-01,Afternoon,3.3,0,On-demand
C8302,Manoj,Kolkata,standard,2024-12-06,Afternoon,3.3,1,Monthly
C9887,Divya,Bengaluru,deep_clean,2025-01-16,Morning,3.5,0,On-demand
C5424,Manoj,Kolkata,deep_clean,2025-03-01,Morning,4.1,0,Monthly
C8103,Sneha,Mumbai,kitchen_bathroom_only,2025-04-19,Afternoon,4.4,0,On-demand
C2480,Raj,Hyderabad,kitchen_bathroom_only,2025-01-24,Morning,4.3,1,Monthly
C3084,Anjali,Bengaluru,standard,2025-02-10,Evening,3.6,0,Weekly
C4396,Priya,Chennai,kitchen_bathroom_only,2025-03-11,Afternoon,4.9,1,Bi-weekly
C4973,Nitin,Hyderabad,kitchen_bathroom_only,2025-05-25,Afternoon,4.5,0,On-demand
C7594,Nitin,Bengaluru,deep_clean,2025-04-11,Afternoon,4.1,0,Weekly
C2392,Amit,Delhi,standard,2025-03-31,Evening,4.2,0,Weekly
C3082,Manoj,Kolkata,deep_clean,2024-12-28,Afternoon,3.8,1,Bi-weekly
C8251,Nitin,Kolkata,deep_clean,2025-02-17,Evening,3.5,1,Bi-weekly
C8636,Anjali,Bengaluru,deep_clean,2024-12-20,Afternoon,3.7,1,Bi-weekly
C4634,Nitin,Kolkata,standard,2025-05-05,Morning,4.5,0,Weekly
C9826,Raj,Delhi,kitchen_bathroom_only,2025-05-24,Afternoon,3.0,0,On-demand
C7448,Divya,Hyderabad,deep_clean,2025-06-02,Evening,3.2,0,On-demand
C1796,Raj,Bengaluru,kitchen_bathroom_only,2025-03-05,Afternoon,3.1,0,Bi-weekly
C2213,Amit,Chennai,kitchen_bathroom_only,2025-01-16,Morning,3.1,0,On-demand
C9148,Manoj,Delhi,standard,2025-05-09,Afternoon,4.7,1,Weekly
C3355,Raj,Bengaluru,kitchen_bathroom_only,2025-05-10,Evening,4.4,1,Weekly
C8232,Vikram,Mumbai,kitchen_bathroom_only,2025-05-24,Morning,3.9,1,Monthly
C1581,Sneha,Kolkata,standard,2025-03-08,Evening,3.2,0,Monthly
C4474,Amit,Chennai,standard,2025-02-15,Afternoon,4.0,0,Bi-weekly
C7322,Nitin,Bengaluru,kitchen_bathroom_only,2025-05-28,Afternoon,3.9,0,Weekly
C9359,Rekha,Kolkata,standard,2025-05-28,Morning,3.3,0,On-demand
C3530,Rekha,Hyderabad,deep_clean,2025-02-20,Morning,3.9,0,Weekly
C8186,Raj,Bengaluru,kitchen_bathroom_only,2025-02-16,Morning,3.8,0,Bi-weekly
C6714,Divya,Kolkata,deep_clean,2025-05-09,Evening,4.2,1,Monthly
C8274,Vikram,Bengaluru,deep_clean,2025-03-11,Morning,4.3,0,Monthly
C5182,Amit,Delhi,deep_clean,2025-04-26,Evening,3.1,0,On-demand
C6486,Sneha,Delhi,standard,2025-04-24,Afternoon,3.7,0,Bi-weekly
C7915,Amit,Bengaluru,deep_clean,2025-05-17,Afternoon,4.3,1,Monthly
C5717,Priya,Hyderabad,standard,2025-02-10,Afternoon,4.0,0,Monthly
C9130,Manoj,Hyderabad,deep_clean,2025-04-29,Afternoon,4.7,0,On-demand
C3698,Nitin,Chennai,kitchen_bathroom_only,2025-04-23,Afternoon,4.3,0,Weekly
C5346,Manoj,Chennai,standard,2025-04-05,Morning,3.3,1,Monthly
C7983,Divya,Kolkata,deep_clean,2025-05-26,Afternoon,3.1,1,Weekly
C4767,Amit,Hyderabad,standard,2024-12-21,Afternoon,4.3,1,Monthly
C1749,Manoj,Hyderabad,standard,2025-04-22,Afternoon,3.1,1,Bi-weekly
C7971,Manoj,Delhi,standard,2024-12-22,Evening,4.2,1,Monthly
C7075,Nitin,Mumbai,deep_clean,2024-12-09,Evening,4.9,1,Weekly
C5417,Amit,Kolkata,standard,2025-02-14,Evening,4.2,0,Bi-weekly
C1372,Manoj,Bengaluru,standard,2025-03-18,Morning,3.8,0,Bi-weekly
C8845,Raj,Chennai,standard,2025-02-14,Morning,4.3,1,Bi-weekly
C3929,Amit,Chennai,standard,2024-12-25,Afternoon,3.9,1,Weekly
C1724,Raj,Kolkata,standard,2024-12-31,Morning,4.1,0,Monthly
C8947,Sneha,Mumbai,kitchen_bathroom_only,2025-02-21,Evening,4.9,0,Bi-weekly
C8022,Raj,Hyderabad,kitchen_bathroom_only,2024-12-16,Afternoon,3.8,0,On-demand
C6653,Sneha,Delhi,kitchen_bathroom_only,2025-02-11,Evening,4.9,0,Weekly
C8755,Rekha,Kolkata,kitchen_bathroom_only,2025-02-23,Afternoon,4.8,0,Monthly
C8258,Rekha,Mumbai,deep_clean,2025-01-28,Afternoon,3.4,0,On-demand
C8163,Nitin,Delhi,deep_clean,2025-01-11,Morning,3.1,0,On-demand
C4477,Amit,Hyderabad,deep_clean,2025-01-04,Evening,3.2,0,Bi-weekly
C2306,Priya,Hyderabad,kitchen_bathroom_only,2024-12-19,Afternoon,3.0,1,Bi-weekly
C7026,Sneha,Kolkata,deep_clean,2025-01-10,Evening,3.2,0,Weekly
C1110,Anjali,Chennai,deep_clean,2025-05-27,Evening,4.4,1,Monthly
C7322,Raj,Hyderabad,deep_clean,2025-02-17,Afternoon,3.1,0,Weekly
C9772,Nitin,Kolkata,standard,2025-04-10,Evening,3.6,1,Weekly
C9431,Manoj,Bengaluru,deep_clean,2025-04-10,Afternoon,4.7,1,Monthly
C4142,Vikram,Mumbai,deep_clean,2024-12-08,Evening,3.0,1,Weekly
C7300,Rekha,Bengaluru,standard,2025-03-11,Afternoon,4.6,0,On-demand
C4041,Amit,Bengaluru,deep_clean,2025-04-05,Afternoon,3.6,0,Monthly
C1148,Priya,Delhi,standard,2025-05-27,Morning,3.2,0,On-demand
C4002,Raj,Kolkata,standard,2025-05-04,Afternoon,4.4,1,Bi-weekly
C6410,Amit,Mumbai,kitchen_bathroom_only,2025-02-21,Morning,4.3,1,Monthly
C7538,Amit,Delhi,deep_clean,2025-04-05,Morning,4.8,0,On-demand
C1162,Priya,Delhi,standard,2025-04-15,Evening,4.5,0,Monthly
C1664,Anjali,Bengaluru,standard,2025-03-29,Morning,4.6,0,On-demand
C5140,Raj,Hyderabad,deep_clean,2025-02-13,Morning,3.6,0,On-demand
C8609,Divya,Chennai,deep_clean,2024-12-22,Evening,3.4,1,Monthly
C9302,Priya,Delhi,standard,2025-04-24,Afternoon,4.5,1,Monthly
C3373,Divya,Bengaluru,kitchen_bathroom_only,2025-05-20,Evening,4.6,0,On-demand
C1394,Nitin,Hyderabad,deep_clean,2025-06-01,Afternoon,5.0,1,Monthly
C4905,Manoj,Hyderabad,kitchen_bathroom_only,2025-01-01,Evening,3.8,1,Bi-weekly
C6826,Vikram,Bengaluru,deep_clean,2025-01-24,Morning,3.7,0,Bi-weekly
C5101,Raj,Delhi,kitchen_bathroom_only,2025-02-02,Morning,4.6,0,On-demand
C5572,Vikram,Delhi,standard,2025-04-14,Evening,3.7,1,Bi-weekly
C2144,Nitin,Bengaluru,kitchen_bathroom_only,2024-12-08,Evening,4.9,1,Weekly
C4417,Priya,Kolkata,standard,2024-12-21,Evening,4.7,0,Weekly
C2476,Raj,Delhi,kitchen_bathroom_only,2025-02-19,Morning,3.9,1,Bi-weekly
C7479,Rekha,Kolkata,deep_clean,2025-03-08,Evening,4.5,1,Monthly
C8410,Nitin,Bengaluru,kitchen_bathroom_only,2025-03-30,Morning,4.5,0,On-demand
C2778,Sneha,Mumbai,deep_clean,2025-01-19,Evening,3.2,1,Monthly
C6634,Amit,Mumbai,kitchen_bathroom_only,2025-05-06,Afternoon,4.8,1,Bi-weekly
C6361,Nitin,Kolkata,kitchen_bathroom_only,2025-04-25,Morning,4.0,0,On-demand
C5238,Divya,Chennai,kitchen_bathroom_only,2025-02-16,Morning,4.7,1,Weekly
C4015,Raj,Mumbai,deep_clean,2025-02-22,Morning,3.6,1,Weekly
C1459,Priya,Bengaluru,kitchen_bathroom_only,2024-12-28,Morning,4.8,1,Bi-weekly
C1255,Priya,Bengaluru,kitchen_bathroom_only,2024-12-17,Evening,3.8,1,Monthly
C8182,Amit,Mumbai,kitchen_bathroom_only,2025-05-26,Evening,3.0,1,Bi-weekly
C3923,Nitin,Chennai,standard,2025-02-21,Evening,4.8,0,On-demand
C8867,Priya,Bengaluru,deep_clean,2025-05-31,Afternoon,3.2,1,Bi-weekly
C7140,Priya,Hyderabad,deep_clean,2024-12-06,Afternoon,3.6,1,Weekly
C3737,Amit,Mumbai,kitchen_bathroom_only,2025-04-27,Afternoon,4.9,0,On-demand
C8367,Raj,Bengaluru,deep_clean,2025-05-11,Afternoon,4.9,0,On-demand
C1749,Vikram,Hyderabad,deep_clean,2025-05-17,Evening,4.1,1,Weekly
C5967,Vikram,Delhi,deep_clean,2024-12-25,Afternoon,4.3,1,Monthly
C3680,Sneha,Chennai,kitchen_bathroom_only,2024-12-24,Afternoon,3.9,0,On-demand
C6006,Amit,Mumbai,standard,2025-02-17,Morning,3.6,1,Weekly
C7863,Manoj,Bengaluru,standard,2024-12-12,Morning,3.7,1,Weekly
C5576,Priya,Kolkata,standard,2024-12-18,Morning,4.3,0,Monthly
C7383,Rekha,Hyderabad,deep_clean,2025-04-10,Afternoon,4.5,1,Weekly
C3331,Manoj,Chennai,deep_clean,2025-03-26,Evening,4.6,0,On-demand
C8415,Rekha,Bengaluru,deep_clean,2025-05-29,Afternoon,4.6,0,Weekly
C5118,Nitin,Mumbai,deep_clean,2025-05-02,Evening,3.2,0,On-demand
C1636,Priya,Mumbai,kitchen_bathroom_only,2025-05-03,Morning,4.0,0,Monthly
C6694,Vikram,Chennai,kitchen_bathroom_only,2025-04-01,Morning,3.1,1,Monthly
C3764,Manoj,Mumbai,standard,2025-03-07,Morning,4.1,1,Bi-weekly
C3325,Nitin,Delhi,deep_clean,2024-12-27,Afternoon,3.9,0,On-demand
C1372,Raj,Kolkata,deep_clean,2024-12-19,Afternoon,4.8,1,Bi-weekly
C5048,Raj,Delhi,standard,2025-02-26,Evening,3.7,0,On-demand
C5321,Anjali,Chennai,standard,2025-05-14,Morning,3.2,1,Weekly
C9176,Amit,Mumbai,standard,2025-01-05,Evening,3.3,1,Weekly
C3483,Priya,Kolkata,kitchen_bathroom_only,2025-04-21,Afternoon,4.5,1,Bi-weekly
C5706,Rekha,Hyderabad,standard,2024-12-10,Evening,4.2,1,Weekly
C4216,Manoj,Kolkata,kitchen_bathroom_only,2025-04-13,Afternoon,3.2,0,Bi-weekly
C4414,Anjali,Delhi,standard,2024-12-06,Evening,3.2,0,On-demand
C9185,Anjali,Delhi,kitchen_bathroom_only,2025-01-18,Evening,4.4,1,Weekly
C3356,Amit,Chennai,deep_clean,2025-05-30,Afternoon,3.1,0,On-demand
C9229,Raj,Hyderabad,deep_clean,2025-05-04,Evening,4.6,0,On-demand
C7435,Vikram,Bengaluru,standard,2024-12-19,Evening,4.4,1,Bi-weekly
C6089,Nitin,Kolkata,deep_clean,2025-04-19,Afternoon,3.2,0,Bi-weekly
C9744,Nitin,Kolkata,deep_clean,2025-01-23,Evening,3.2,0,Monthly
C7960,Priya,Hyderabad,deep_clean,2024-12-08,Morning,5.0,0,Weekly
C7614,Priya,Bengaluru,deep_clean,2024-12-24,Morning,3.7,0,On-demand
C8713,Manoj,Kolkata,kitchen_bathroom_only,2024-12-08,Afternoon,3.7,0,Bi-weekly
C3335,Sneha,Hyderabad,standard,2025-05-26,Evening,4.6,0,Weekly
C7112,Rekha,Mumbai,standard,2024-12-19,Afternoon,4.9,1,Bi-weekly
C1941,Anjali,Kolkata,standard,2025-05-14,Afternoon,5.0,0,On-demand
C4553,Divya,Chennai,kitchen_bathroom_only,2025-02-05,Evening,4.5,0,Weekly
C1270,Manoj,Chennai,kitchen_bathroom_only,2025-02-17,Morning,3.8,0,Weekly
C7691,Vikram,Bengaluru,kitchen_bathroom_only,2024-12-26,Evening,3.2,1,Weekly
C8086,Manoj,Chennai,kitchen_bathroom_only,2025-03-27,Evening,4.6,0,Weekly
C2105,Raj,Bengaluru,standard,2025-02-17,Evening,4.1,0,Bi-weekly
C2933,Vikram,Hyderabad,standard,2025-02-16,Morning,3.8,1,Bi-weekly
C1018,Nitin,Bengaluru,kitchen_bathroom_only,2025-04-03,Morning,4.8,0,Bi-weekly
C3012,Raj,Bengaluru,kitchen_bathroom_only,2025-04-21,Evening,3.2,1,Bi-weekly
C7347,Rekha,Bengaluru,kitchen_bathroom_only,2025-02-14,Evening,4.0,1,Monthly
C5722,Manoj,Mumbai,standard,2025-02-28,Afternoon,3.0,0,Monthly
C6065,Anjali,Hyderabad,deep_clean,2025-04-11,Evening,3.9,1,Weekly
C8886,Nitin,Hyderabad,kitchen_bathroom_only,2025-01-28,Afternoon,3.1,0,On-demand
C9193,Priya,Bengaluru,kitchen_bathroom_only,2025-01-25,Morning,3.2,1,Bi-weekly
C6784,Anjali,Bengaluru,deep_clean,2025-02-06,Afternoon,3.2,0,Weekly
C4996,Amit,Bengaluru,deep_clean,2025-02-20,Morning,4.3,0,Monthly
C6312,Rekha,Kolkata,deep_clean,2024-12-11,Afternoon,4.5,1,Weekly
C5351,Vikram,Bengaluru,standard,2025-04-11,Afternoon,4.2,0,Monthly
C7081,Vikram,Kolkata,standard,2025-05-05,Morning,4.9,0,Monthly
C6012,Divya,Chennai,standard,2025-01-04,Morning,3.7,1,Monthly
C6777,Nitin,Chennai,kitchen_bathroom_only,2024-12-28,Morning,3.6,1,Weekly
C4739,Priya,Chennai,deep_clean,2025-05-31,Morning,4.7,1,Bi-weekly
C4978,Nitin,Chennai,standard,2025-01-06,Morning,3.4,0,On-demand
C9824,Nitin,Bengaluru,deep_clean,2025-03-28,Morning,4.9,1,Monthly
C2532,Sneha,Kolkata,kitchen_bathroom_only,2025-03-02,Afternoon,3.0,1,Bi-weekly
C2884,Rekha,Chennai,kitchen_bathroom_only,2025-04-10,Afternoon,4.9,0,Bi-weekly
C1862,Anjali,Bengaluru,kitchen_bathroom_only,2024-12-21,Morning,3.1,0,On-demand
C1687,Rekha,Chennai,deep_clean,2025-05-14,Evening,4.8,0,Bi-weekly
C3599,Sneha,Bengaluru,kitchen_bathroom_only,2025-01-17,Morning,4.1,0,Weekly
C9029,Priya,Bengaluru,standard,2025-02-10,Afternoon,5.0,1,Weekly
C3991,Sneha,Mumbai,kitchen_bathroom_only,2025-04-16,Morning,3.1,0,On-demand
C9838,Sneha,Hyderabad,kitchen_bathroom_only,2025-04-28,Morning,4.1,0,Weekly
C5979,Rekha,Chennai,kitchen_bathroom_only,2024-12-23,Evening,4.9,0,Bi-weekly
C9728,Rekha,Chennai,kitchen_bathroom_only,2024-12-16,Afternoon,4.0,0,On-demand
C7159,Manoj,Mumbai,standard,2025-03-27,Evening,4.3,0,Monthly
C2834,Manoj,Hyderabad,standard,2025-02-16,Morning,4.4,1,Weekly
C6321,Priya,Mumbai,kitchen_bathroom_only,2025-06-02,Morning,3.9,1,Bi-weekly
C4764,Nitin,Mumbai,kitchen_bathroom_only,2025-02-25,Evening,4.3,0,On-demand
C9950,Manoj,Bengaluru,standard,2025-05-20,Morning,4.2,1,Monthly
C9380,Raj,Mumbai,deep_clean,2025-01-03,Evening,4.8,1,Monthly
C5825,Vikram,Delhi,standard,2025-04-09,Afternoon,3.1,1,Bi-weekly
C4264,Anjali,Hyderabad,kitchen_bathroom_only,2025-05-18,Morning,3.6,0,On-demand
C2690,Sneha,Chennai,deep_clean,2025-05-14,Evening,4.9,1,Monthly
C8834,Amit,Mumbai,standard,2025-05-13,Evening,4.8,0,Monthly
C9419,Amit,Bengaluru,standard,2025-01-30,Evening,3.9,0,Bi-weekly
C9382,Manoj,Hyderabad,deep_clean,2025-03-15,Evening,4.2,0,Monthly
C5557,Manoj,Chennai,kitchen_bathroom_only,2025-05-29,Afternoon,3.6,0,On-demand
C4171,Rekha,Hyderabad,kitchen_bathroom_only,2025-02-26,Evening,3.4,0,Monthly
C5625,Raj,Kolkata,kitchen_bathroom_only,2024-12-08,Afternoon,3.9,1,Monthly
C6515,Manoj,Hyderabad,deep_clean,2025-05-21,Evening,3.7,1,Weekly
C9156,Amit,Bengaluru,standard,2025-03-22,Morning,4.2,0,On-demand
C7250,Priya,Delhi,standard,2024-12-26,Afternoon,3.2,0,On-demand
C6847,Priya,Mumbai,kitchen_bathroom_only,2025-04-18,Afternoon,4.9,0,On-demand
C7498,Divya,Chennai,kitchen_bathroom_only,2025-03-22,Evening,5.0,1,Monthly
C2637,Rekha,Delhi,kitchen_bathroom_only,2025-05-18,Afternoon,4.4,0,On-demand
C9568,Nitin,Bengaluru,kitchen_bathroom_only,2025-03-05,Evening,4.1,0,Monthly
C1386,Sneha,Bengaluru,kitchen_bathroom_only,2025-05-22,Afternoon,3.6,0,Bi-weekly
C4911,Raj,Chennai,deep_clean,2025-04-04,Afternoon,4.6,0,On-demand
C4873,Rekha,Delhi,kitchen_bathroom_only,2025-02-04,Morning,4.4,0,On-demand
C3225,Nitin,Delhi,kitchen_bathroom_only,2025-04-06,Morning,3.3,1,Weekly
C6839,Manoj,Chennai,deep_clean,2025-02-13,Morning,4.8,1,Bi-weekly
C6327,Priya,Mumbai,kitchen_bathroom_only,2025-05-09,Afternoon,4.6,1,Monthly
C3157,Sneha,Bengaluru,standard,2025-05-25,Afternoon,4.9,0,Bi-weekly
C4284,Divya,Kolkata,standard,2025-03-28,Evening,4.5,1,Weekly
C2054,Raj,Kolkata,standard,2025-05-23,Evening,4.2,0,Monthly
C5048,Vikram,Chennai,standard,2025-01-02,Morning,3.8,1,Bi-weekly
C2692,Amit,Bengaluru,kitchen_bathroom_only,2025-02-03,Morning,4.9,1,Monthly
C2962,Divya,Chennai,kitchen_bathroom_only,2025-02-10,Morning,4.7,0,Bi-weekly
C2422,Raj,Chennai,deep_clean,2025-04-25,Evening,3.1,1,Monthly
C4526,Nitin,Hyderabad,standard,2025-05-14,Evening,3.1,1,Bi-weekly
C2904,Rekha,Hyderabad,standard,2024-12-09,Morning,3.8,1,Bi-weekly
C2075,Nitin,Chennai,deep_clean,2025-02-27,Morning,4.6,0,On-demand
C4088,Manoj,Chennai,standard,2025-03-23,Afternoon,5.0,0,On-demand
C8185,Rekha,Kolkata,kitchen_bathroom_only,2025-05-22,Morning,3.3,0,Weekly
C2639,Divya,Hyderabad,deep_clean,2025-02-16,Morning,4.2,1,Monthly
C9710,Manoj,Kolkata,standard,2025-02-18,Morning,3.8,1,Bi-weekly
C5845,Divya,Kolkata,kitchen_bathroom_only,2025-01-04,Morning,4.9,1,Weekly
C1440,Priya,Kolkata,deep_clean,2025-02-07,Morning,4.7,1,Bi-weekly
C2306,Raj,Delhi,kitchen_bathroom_only,2025-01-01,Morning,4.7,1,Bi-weekly
C9794,Anjali,Delhi,standard,2025-05-18,Evening,3.9,0,On-demand
C4687,Anjali,Kolkata,kitchen_bathroom_only,2025-05-05,Afternoon,3.8,0,On-demand
C6612,Nitin,Mumbai,deep_clean,2025-01-23,Afternoon,3.5,0,Monthly
C3800,Sneha,Bengaluru,standard,2025-03-02,Morning,3.1,1,Bi-weekly
C9688,Amit,Hyderabad,deep_clean,2024-12-26,Morning,4.7,1,Monthly
C8960,Rekha,Kolkata,standard,2025-04-22,Morning,4.6,0,On-demand
C9059,Sneha,Delhi,standard,2025-04-23,Afternoon,5.0,1,Bi-weekly
C5332,Anjali,Kolkata,standard,2025-01-30,Morning,5.0,0,On-demand
C9278,Vikram,Mumbai,deep_clean,2025-01-13,Morning,4.1,1,Weekly
C3656,Rekha,Kolkata,standard,2025-03-27,Morning,4.5,1,Weekly
C7461,Priya,Chennai,standard,2025-04-17,Afternoon,4.9,0,On-demand
C4636,Amit,Bengaluru,deep_clean,2025-04-25,Afternoon,4.7,1,Bi-weekly
C5737,Raj,Delhi,kitchen_bathroom_only,2025-04-15,Afternoon,3.5,0,Monthly
C5452,Priya,Chennai,kitchen_bathroom_only,2025-04-04,Afternoon,3.9,0,On-demand
C6338,Vikram,Delhi,standard,2024-12-09,Morning,3.3,0,Monthly
C9860,Nitin,Mumbai,standard,2025-01-03,Evening,4.9,0,Weekly
C8377,Divya,Hyderabad,kitchen_bathroom_only,2025-04-03,Evening,4.2,1,Monthly
C1247,Raj,Hyderabad,deep_clean,2025-01-14,Evening,3.5,0,On-demand
C8140,Nitin,Kolkata,kitchen_bathroom_only,2024-12-23,Afternoon,4.3,0,Weekly
C4102,Vikram,Bengaluru,kitchen_bathroom_only,2025-04-12,Evening,4.2,1,Monthly
C9304,Rekha,Bengaluru,kitchen_bathroom_only,2025-03-19,Evening,3.7,1,Weekly
C9146,Rekha,Kolkata,standard,2024-12-23,Afternoon,3.2,0,Monthly
C5453,Sneha,Hyderabad,deep_clean,2025-05-13,Afternoon,4.3,1,Bi-weekly
C2974,Amit,Mumbai,kitchen_bathroom_only,2025-04-29,Afternoon,4.0,1,Weekly
C8327,Nitin,Mumbai,deep_clean,2025-01-08,Morning,4.5,0,Bi-weekly
C9039,Divya,Delhi,deep_clean,2025-02-04,Afternoon,4.0,1,Monthly
C7074,Amit,Delhi,kitchen_bathroom_only,2025-02-17,Morning,4.7,1,Monthly
C5151,Rekha,Kolkata,kitchen_bathroom_only,2025-05-03,Evening,4.1,0,Monthly
C6985,Anjali,Hyderabad,kitchen_bathroom_only,2025-02-01,Afternoon,4.1,1,Monthly
C3523,Vikram,Kolkata,kitchen_bathroom_only,2025-02-16,Evening,4.8,0,Monthly
C6609,Divya,Chennai,standard,2025-03-31,Evening,3.8,0,Bi-weekly
C4238,Vikram,Hyderabad,standard,2025-04-29,Afternoon,3.3,0,Bi-weekly
C8698,Amit,Hyderabad,standard,2025-04-21,Evening,3.1,1,Weekly
C5891,Priya,Kolkata,standard,2025-03-01,Morning,4.5,1,Monthly
C4072,Nitin,Kolkata,standard,2025-06-02,Morning,4.2,0,On-demand
C5969,Priya,Mumbai,standard,2025-03-05,Morning,4.4,0,Monthly
C5468,Raj,Chennai,kitchen_bathroom_only,2025-05-20,Evening,3.4,0,On-demand
C5868,Vikram,Hyderabad,standard,2025-03-06,Afternoon,3.3,0,Monthly
C7810,Rekha,Bengaluru,standard,2025-05-14,Afternoon,3.0,1,Monthly
C4094,Rekha,Hyderabad,kitchen_bathroom_only,2025-01-06,Afternoon,3.7,0,Monthly
C5855,Divya,Chennai,deep_clean,2025-01-10,Afternoon,4.2,1,Bi-weekly
C8924,Amit,Mumbai,standard,2024-12-08,Afternoon,3.8,1,Monthly
C1308,Anjali,Mumbai,kitchen_bathroom_only,2025-03-25,Morning,3.9,0,On-demand
C5870,Vikram,Hyderabad,deep_clean,2025-04-21,Evening,4.8,0,On-demand
C1833,Raj,Mumbai,standard,2024-12-10,Morning,3.7,0,On-demand
C2946,Amit,Chennai,deep_clean,2025-01-23,Evening,4.0,0,On-demand
C6731,Priya,Bengaluru,deep_clean,2025-04-28,Morning,4.6,0,On-demand
C5803,Anjali,Kolkata,kitchen_bathroom_only,2025-01-03,Morning,3.8,0,On-demand
C5308,Raj,Mumbai,standard,2025-04-28,Morning,4.2,0,Weekly
C8033,Rekha,Mumbai,deep_clean,2025-01-04,Evening,4.7,0,Monthly
C5245,Anjali,Hyderabad,deep_clean,2024-12-18,Morning,4.9,1,Bi-weekly
C5193,Manoj,Chennai,kitchen_bathroom_only,2025-05-29,Evening,3.3,0,On-demand
C1139,Rekha,Kolkata,standard,2025-03-31,Evening,4.9,0,On-demand
C7480,Amit,Hyderabad,deep_clean,2024-12-18,Evening,4.0,0,On-demand
C3953,Priya,Hyderabad,standard,2025-01-30,Afternoon,3.5,0,Monthly
C8171,Manoj,Bengaluru,kitchen_bathroom_only,2025-02-14,Morning,3.9,1,Weekly
C9012,Nitin,Kolkata,kitchen_bathroom_only,2025-01-16,Morning,5.0,0,Weekly
C2816,Divya,Hyderabad,deep_clean,2025-01-30,Morning,4.0,0,On-demand
C6035,Priya,Chennai,kitchen_bathroom_only,2025-01-31,Afternoon,3.7,1,Monthly
C5405,Amit,Hyderabad,kitchen_bathroom_only,2025-05-27,Morning,4.3,1,Weekly
C9666,Nitin,Kolkata,deep_clean,2025-03-04,Evening,3.5,0,Monthly
C3742,Manoj,Mumbai,deep_clean,2024-12-11,Evening,3.2,1,Bi-weekly
C3914,Raj,Hyderabad,standard,2025-01-30,Evening,3.3,0,Monthly
C5263,Vikram,Bengaluru,kitchen_bathroom_only,2025-04-03,Afternoon,3.3,0,Monthly
C1784,Manoj,Hyderabad,kitchen_bathroom_only,2024-12-27,Afternoon,3.3,0,On-demand
C5620,Nitin,Hyderabad,standard,2025-01-03,Morning,3.3,0,Bi-weekly
C6995,Manoj,Bengaluru,kitchen_bathroom_only,2025-02-01,Evening,4.3,1,Bi-weekly
C9074,Manoj,Hyderabad,standard,2025-01-01,Morning,3.4,0,On-demand
C7940,Vikram,Kolkata,standard,2024-12-31,Afternoon,3.7,1,Bi-weekly
C4797,Vikram,Chennai,deep_clean,2025-05-26,Evening,4.8,1,Monthly
C9835,Rekha,Kolkata,deep_clean,2025-01-12,Morning,3.9,0,Weekly
C9018,Sneha,Chennai,standard,2025-05-01,Evening,4.3,0,Weekly
C3625,Manoj,Kolkata,deep_clean,2025-01-06,Evening,3.3,0,On-demand
C2632,Vikram,Chennai,deep_clean,2025-05-10,Afternoon,3.4,1,Bi-weekly
C6953,Divya,Kolkata,deep_clean,2025-02-27,Evening,3.1,0,Bi-weekly
C8196,Rekha,Kolkata,kitchen_bathroom_only,2025-03-10,Morning,3.3,1,Bi-weekly
C2583,Anjali,Kolkata,deep_clean,2025-04-08,Evening,3.6,1,Bi-weekly
C2312,Amit,Mumbai,kitchen_bathroom_only,2025-01-03,Afternoon,3.4,0,Bi-weekly
C6044,Manoj,Hyderabad,kitchen_bathroom_only,2025-01-15,Evening,3.2,1,Weekly
C9511,Rekha,Bengaluru,deep_clean,2025-01-14,Morning,3.2,1,Bi-weekly
C7742,Nitin,Bengaluru,standard,2024-12-18,Afternoon,3.9,0,On-demand
C1129,Amit,Hyderabad,kitchen_bathroom_only,2025-01-30,Afternoon,3.4,1,Monthly
C8820,Manoj,Mumbai,standard,2025-04-06,Afternoon,3.7,0,Monthly
C3976,Priya,Delhi,kitchen_bathroom_only,2025-01-08,Morning,4.0,1,Monthly
C3480,Sneha,Chennai,kitchen_bathroom_only,2025-03-27,Morning,4.4,1,Bi-weekly
C3422,Rekha,Hyderabad,standard,2025-03-11,Afternoon,3.1,0,Bi-weekly
C2139,Anjali,Chennai,kitchen_bathroom_only,2024-12-17,Morning,4.6,0,Monthly
C6333,Sneha,Kolkata,deep_clean,2025-01-19,Afternoon,4.3,0,Weekly
C6162,Manoj,Delhi,deep_clean,2025-04-20,Evening,3.2,0,On-demand
C8559,Vikram,Mumbai,kitchen_bathroom_only,2024-12-31,Morning,4.7,0,Monthly
C1903,Raj,Delhi,standard,2025-01-20,Afternoon,4.8,1,Monthly
C6765,Manoj,Delhi,standard,2025-01-20,Evening,3.1,1,Weekly
C6919,Raj,Kolkata,kitchen_bathroom_only,2025-04-13,Evening,3.6,0,Monthly
C6846,Manoj,Hyderabad,kitchen_bathroom_only,2025-02-02,Evening,4.6,1,Bi-weekly
C5487,Rekha,Chennai,standard,2025-02-01,Afternoon,4.5,0,Monthly
C8383,Anjali,Delhi,standard,2025-05-05,Afternoon,3.4,1,Bi-weekly
C3417,Manoj,Mumbai,kitchen_bathroom_only,2025-05-21,Afternoon,3.4,0,On-demand
C2113,Sneha,Mumbai,deep_clean,2025-03-26,Evening,3.7,1,Weekly
C8095,Nitin,Mumbai,standard,2024-12-15,Evening,4.0,1,Weekly
C1013,Divya,Hyderabad,kitchen_bathroom_only,2025-01-23,Morning,4.2,1,Bi-weekly
C5934,Raj,Mumbai,kitchen_bathroom_only,2024-12-29,Morning,3.7,1,Bi-weekly
C6017,Divya,Bengaluru,standard,2025-05-18,Morning,3.9,1,Weekly
C5766,Manoj,Chennai,standard,2025-04-22,Morning,4.5,0,Monthly
C5243,Vikram,Bengaluru,kitchen_bathroom_only,2025-02-08,Morning,3.1,1,Monthly
C7414,Sneha,Kolkata,standard,2025-05-18,Morning,3.5,0,Monthly
C9064,Priya,Mumbai,standard,2025-03-06,Morning,4.4,0,On-demand
C9411,Manoj,Mumbai,standard,2025-05-10,Evening,4.8,1,Weekly
C5202,Anjali,Delhi,kitchen_bathroom_only,2025-04-22,Afternoon,4.0,0,Monthly
C8796,Manoj,Delhi,kitchen_bathroom_only,2025-01-10,Morning,4.1,1,Weekly
C1212,Manoj,Kolkata,standard,2025-02-06,Morning,3.2,0,On-demand
C3722,Amit,Delhi,deep_clean,2025-03-26,Morning,3.9,0,Monthly
C1765,Priya,Chennai,deep_clean,2025-02-06,Morning,4.1,1,Weekly
C8780,Raj,Hyderabad,kitchen_bathroom_only,2025-04-15,Afternoon,3.5,0,Monthly
C7174,Vikram,Delhi,kitchen_bathroom_only,2025-03-01,Morning,3.5,0,On-demand
C2294,Anjali,Hyderabad,standard,2025-05-06,Afternoon,3.8,0,On-demand
C5866,Nitin,Mumbai,standard,2025-04-05,Evening,3.0,0,Weekly
C9201,Priya,Chennai,deep_clean,2024-12-14,Morning,3.6,1,Bi-weekly
C2321,Manoj,Kolkata,kitchen_bathroom_only,2025-03-10,Evening,3.4,0,On-demand
C3604,Anjali,Mumbai,kitchen_bathroom_only,2025-04-17,Evening,3.7,0,On-demand
C1908,Manoj,Chennai,deep_clean,2025-05-15,Morning,3.2,0,Bi-weekly
C7618,Divya,Kolkata,deep_clean,2025-04-12,Morning,4.8,0,On-demand
C9070,Rekha,Hyderabad,kitchen_bathroom_only,2025-02-09,Afternoon,4.2,0,On-demand
C8045,Priya,Delhi,deep_clean,2025-01-15,Afternoon,4.4,1,Bi-weekly
C2475,Nitin,Chennai,standard,2025-05-04,Afternoon,4.6,0,Monthly
C6557,Vikram,Mumbai,kitchen_bathroom_only,2025-01-03,Afternoon,4.0,0,Monthly
C8219,Divya,Chennai,deep_clean,2025-04-02,Evening,3.2,1,Bi-weekly
C2564,Divya,Chennai,standard,2025-01-23,Afternoon,4.1,0,Monthly
C8125,Nitin,Kolkata,kitchen_bathroom_only,2024-12-25,Evening,4.2,0,Monthly
C2556,Sneha,Mumbai,kitchen_bathroom_only,2025-04-01,Evening,4.5,0,On-demand
C2298,Amit,Bengaluru,standard,2025-02-15,Morning,3.9,0,On-demand
C3418,Raj,Mumbai,kitchen_bathroom_only,2024-12-20,Afternoon,3.3,1,Bi-weekly
C9858,Divya,Chennai,kitchen_bathroom_only,2025-01-24,Morning,3.6,1,Monthly
C8315,Nitin,Hyderabad,standard,2025-01-15,Morning,3.7,0,Monthly
C7749,Rekha,Chennai,deep_clean,2025-04-07,Morning,4.3,1,Weekly
C9608,Raj,Hyderabad,kitchen_bathroom_only,2025-01-18,Evening,4.1,0,On-demand
C5423,Vikram,Bengaluru,deep_clean,2024-12-07,Morning,3.7,1,Bi-weekly
C3120,Rekha,Delhi,kitchen_bathroom_only,2025-03-09,Afternoon,5.0,1,Weekly
C9279,Rekha,Delhi,deep_clean,2025-05-23,Morning,4.2,0,On-demand
C4801,Nitin,Kolkata,deep_clean,2025-05-16,Afternoon,3.5,1,Monthly
C4379,Divya,Chennai,standard,2024-12-17,Evening,3.2,1,Bi-weekly
C3583,Priya,Chennai,deep_clean,2024-12-13,Evening,3.3,0,Bi-weekly
C8693,Raj,Kolkata,standard,2024-12-27,Afternoon,3.5,0,Monthly
C2463,Raj,Hyderabad,deep_clean,2025-03-17,Evening,3.3,0,Monthly
C6665,Rekha,Hyderabad,standard,2025-05-08,Morning,3.4,0,Bi-weekly
C9015,Nitin,Bengaluru,kitchen_bathroom_only,2025-04-19,Morning,3.6,1,Bi-weekly
C9742,Raj,Delhi,standard,2025-03-23,Evening,3.3,0,On-demand
C3581,Divya,Chennai,deep_clean,2025-02-12,Morning,4.8,1,Bi-weekly
C1385,Rekha,Chennai,kitchen_bathroom_only,2025-02-24,Morning,3.2,0,Monthly
C1928,Manoj,Bengaluru,kitchen_bathroom_only,2025-03-26,Morning,4.0,0,On-demand
C4601,Rekha,Mumbai,deep_clean,2025-03-12,Morning,3.8,0,On-demand
C6309,Vikram,Mumbai,kitchen_bathroom_only,2025-04-28,Afternoon,5.0,0,On-demand
C5475,Raj,Delhi,kitchen_bathroom_only,2025-05-09,Morning,3.2,1,Bi-weekly
C6094,Sneha,Hyderabad,kitchen_bathroom_only,2025-02-28,Morning,3.8,1,Monthly
C5314,Vikram,Mumbai,deep_clean,2025-04-16,Evening,4.9,1,Weekly
C6270,Priya,Hyderabad,deep_clean,2024-12-18,Morning,4.7,0,Bi-weekly
C4839,Rekha,Delhi,standard,2025-03-31,Morning,4.6,0,On-demand
C3406,Anjali,Bengaluru,standard,2025-05-30,Afternoon,3.5,0,Monthly
C8691,Raj,Kolkata,deep_clean,2025-02-08,Morning,3.3,0,Monthly
C4800,Amit,Kolkata,kitchen_bathroom_only,2025-03-20,Morning,4.3,1,Monthly
C6413,Sneha,Bengaluru,deep_clean,2025-01-14,Afternoon,4.9,0,On-demand
C3926,Nitin,Kolkata,standard,2025-01-30,Morning,4.1,1,Weekly
C5835,Amit,Chennai,deep_clean,2025-01-26,Afternoon,4.1,0,Weekly
C1845,Amit,Delhi,kitchen_bathroom_only,2025-05-13,Evening,3.6,0,Bi-weekly
C8180,Manoj,Bengaluru,standard,2025-03-03,Morning,4.5,0,Weekly
C2659,Anjali,Mumbai,deep_clean,2025-05-22,Afternoon,3.4,0,On-demand
C1296,Manoj,Hyderabad,deep_clean,2025-05-08,Afternoon,3.6,1,Monthly
C9863,Rekha,Bengaluru,standard,2025-03-10,Morning,3.9,0,On-demand
C6443,Priya,Delhi,kitchen_bathroom_only,2025-03-01,Afternoon,4.0,0,Monthly
C4127,Anjali,Chennai,kitchen_bathroom_only,2025-02-17,Morning,3.5,0,On-demand
C6676,Raj,Bengaluru,deep_clean,2025-04-24,Afternoon,3.2,0,Bi-weekly
C2663,Divya,Mumbai,kitchen_bathroom_only,2025-04-25,Evening,4.2,1,Bi-weekly
C6665,Manoj,Bengaluru,standard,2025-01-30,Afternoon,3.6,1,Monthly
C7387,Priya,Chennai,kitchen_bathroom_only,2024-12-28,Afternoon,4.2,0,On-demand
C3474,Rekha,Delhi,deep_clean,2025-04-03,Afternoon,3.3,1,Monthly
C8932,Priya,Chennai,kitchen_bathroom_only,2025-02-07,Evening,4.0,0,Monthly
C9110,Nitin,Delhi,kitchen_bathroom_only,2025-01-13,Afternoon,4.1,1,Monthly
C3665,Priya,Mumbai,kitchen_bathroom_only,2025-01-08,Afternoon,3.1,0,On-demand
C8534,Manoj,Chennai,deep_clean,2024-12-25,Morning,3.7,0,Monthly
C9329,Anjali,Hyderabad,kitchen_bathroom_only,2025-02-07,Afternoon,3.3,0,Bi-weekly
C2673,Rekha,Bengaluru,deep_clean,2025-01-18,Evening,3.1,1,Weekly
C2058,Divya,Kolkata,standard,2025-01-04,Afternoon,5.0,1,Monthly
C6347,Sneha,Delhi,deep_clean,2025-03-28,Morning,3.6,0,Bi-weekly
C1807,Rekha,Mumbai,kitchen_bathroom_only,2025-05-21,Afternoon,4.6,1,Weekly
C3255,Vikram,Delhi,deep_clean,2025-04-23,Morning,3.5,1,Monthly
C4781,Rekha,Delhi,kitchen_bathroom_only,2025-02-11,Evening,4.4,0,On-demand
C3998,Divya,Kolkata,deep_clean,2025-02-28,Morning,4.5,1,Monthly
C1515,Divya,Kolkata,kitchen_bathroom_only,2025-04-04,Evening,4.2,0,On-demand
C5304,Priya,Hyderabad,standard,2025-05-21,Morning,3.9,0,On-demand
C4053,Nitin,Hyderabad,standard,2025-04-27,Morning,3.8,0,Monthly
C3989,Nitin,Hyderabad,deep_clean,2024-12-10,Evening,3.7,0,Weekly
C8717,Vikram,Mumbai,standard,2025-04-28,Afternoon,4.9,0,Monthly
C7227,Nitin,Delhi,standard,2025-02-06,Afternoon,4.7,1,Monthly
C9748,Vikram,Hyderabad,kitchen_bathroom_only,2025-01-06,Evening,4.9,0,On-demand
C6924,Amit,Delhi,standard,2025-02-08,Morning,3.2,0,Bi-weekly
C2382,Anjali,Delhi,standard,2025-03-20,Afternoon,4.5,1,Bi-weekly
C8875,Priya,Delhi,kitchen_bathroom_only,2025-02-01,Morning,4.9,1,Monthly
C2090,Amit,Bengaluru,kitchen_bathroom_only,2025-03-03,Morning,3.4,0,On-demand
C9784,Nitin,Mumbai,kitchen_bathroom_only,2025-05-04,Afternoon,3.1,1,Monthly
C8679,Priya,Chennai,deep_clean,2025-06-01,Evening,4.5,0,On-demand
C9103,Anjali,Kolkata,kitchen_bathroom_only,2025-02-18,Morning,4.1,0,Weekly
C1734,Amit,Bengaluru,kitchen_bathroom_only,2025-05-13,Afternoon,4.7,1,Weekly
C3797,Anjali,Hyderabad,deep_clean,2025-01-01,Morning,3.3,0,On-demand
C1001,Manoj,Bengaluru,deep_clean,2025-05-02,Afternoon,4.6,0,Bi-weekly
C3320,Priya,Bengaluru,kitchen_bathroom_only,2025-04-01,Morning,3.4,0,On-demand
C8045,Rekha,Bengaluru,deep_clean,2025-04-08,Afternoon,3.3,1,Monthly
C7019,Sneha,Hyderabad,deep_clean,2025-03-26,Morning,3.3,0,On-demand
C3010,Manoj,Bengaluru,standard,2025-01-21,Evening,4.6,0,On-demand
C1956,Priya,Hyderabad,deep_clean,2025-03-26,Morning,4.3,0,Weekly
C9971,Anjali,Hyderabad,deep_clean,2025-01-07,Morning,4.0,1,Bi-weekly
C3918,Vikram,Delhi,standard,2025-04-10,Morning,3.7,0,Monthly
C8453,Vikram,Delhi,standard,2025-03-27,Morning,4.8,1,Weekly
C3900,Amit,Hyderabad,deep_clean,2025-01-16,Evening,3.8,1,Monthly
C3778,Amit,Kolkata,deep_clean,2025-04-17,Afternoon,4.6,0,Monthly
C7083,Sneha,Kolkata,kitchen_bathroom_only,2025-03-29,Morning,3.9,0,Monthly
C6660,Priya,Bengaluru,standard,2025-04-24,Morning,3.8,0,On-demand
C8217,Priya,Chennai,standard,2025-04-18,Evening,3.9,1,Bi-weekly
C4820,Anjali,Chennai,standard,2025-02-25,Morning,3.6,1,Weekly
C8581,Nitin,Bengaluru,kitchen_bathroom_only,2025-01-02,Evening,4.5,0,Bi-weekly
C3772,Sneha,Bengaluru,kitchen_bathroom_only,2025-02-01,Evening,4.0,0,On-demand
C4496,Anjali,Chennai,standard,2025-05-13,Morning,3.5,1,Weekly
C3244,Vikram,Mumbai,kitchen_bathroom_only,2025-01-28,Afternoon,4.8,1,Weekly
C9514,Anjali,Bengaluru,deep_clean,2024-12-26,Afternoon,3.8,1,Bi-weekly
C3866,Divya,Hyderabad,kitchen_bathroom_only,2025-03-26,Afternoon,4.1,0,On-demand
C7880,Nitin,Hyderabad,kitchen_bathroom_only,2025-05-22,Afternoon,4.8,0,Monthly
C2522,Rekha,Delhi,deep_clean,2024-12-12,Afternoon,4.2,0,Monthly
C8467,Amit,Mumbai,standard,2025-05-06,Evening,3.2,1,Weekly
C2877,Nitin,Delhi,kitchen_bathroom_only,2025-01-13,Morning,4.9,0,On-demand
C5609,Manoj,Hyderabad,standard,2025-03-17,Evening,4.3,1,Monthly
C1560,Raj,Kolkata,deep_clean,2024-12-25,Afternoon,3.7,0,Weekly
C2002,Nitin,Hyderabad,deep_clean,2025-04-02,Morning,3.3,0,Bi-weekly
C6897,Rekha,Hyderabad,kitchen_bathroom_only,2025-04-02,Evening,4.6,1,Bi-weekly
C2064,Manoj,Mumbai,deep_clean,2025-04-17,Morning,4.2,0,Monthly
C8621,Priya,Bengaluru,deep_clean,2024-12-12,Morning,4.1,0,On-demand
C6744,Rekha,Delhi,deep_clean,2025-04-14,Morning,4.8,1,Monthly
C5682,Divya,Delhi,kitchen_bathroom_only,2024-12-14,Evening,4.6,1,Weekly
C5700,Nitin,Kolkata,deep_clean,2025-01-24,Afternoon,3.3,1,Weekly
C4659,Divya,Kolkata,standard,2025-02-04,Evening,3.6,0,Monthly
C8844,Divya,Bengaluru,kitchen_bathroom_only,2025-01-13,Morning,3.5,1,Monthly
C5496,Vikram,Kolkata,kitchen_bathroom_only,2025-03-17,Afternoon,4.5,0,Monthly
C8719,Divya,Bengaluru,deep_clean,2025-03-23,Afternoon,3.1,1,Weekly
C8005,Priya,Kolkata,standard,2024-12-10,Afternoon,4.1,0,On-demand
C1530,Raj,Bengaluru,kitchen_bathroom_only,2025-02-27,Morning,4.5,0,Weekly
C3052,Rekha,Kolkata,deep_clean,2025-04-29,Afternoon,4.8,1,Monthly
C5605,Amit,Chennai,deep_clean,2024-12-07,Evening,3.7,0,On-demand
C9097,Manoj,Chennai,standard,2024-12-07,Afternoon,4.6,1,Weekly
C7598,Anjali,Hyderabad,kitchen_bathroom_only,2025-02-09,Morning,3.2,0,On-demand
C6951,Manoj,Delhi,kitchen_bathroom_only,2025-03-03,Evening,4.7,1,Monthly
C5312,Vikram,Mumbai,kitchen_bathroom_only,2025-05-15,Morning,3.3,1,Bi-weekly
C3153,Amit,Bengaluru,standard,2024-12-09,Afternoon,3.8,0,Weekly
C8242,Manoj,Hyderabad,deep_clean,2025-01-28,Morning,4.6,1,Bi-weekly
C2518,Anjali,Chennai,kitchen_bathroom_only,2025-05-13,Evening,3.3,1,Weekly
C2135,Amit,Mumbai,standard,2025-01-23,Evening,3.5,1,Bi-weekly
C9851,Priya,Delhi,deep_clean,2025-04-30,Morning,4.4,0,On-demand
C2318,Raj,Delhi,deep_clean,2024-12-20,Evening,4.4,1,Weekly
C9793,Anjali,Bengaluru,kitchen_bathroom_only,2025-03-08,Morning,4.3,1,Monthly
C2172,Anjali,Kolkata,deep_clean,2025-01-22,Morning,4.4,1,Monthly
C1294,Divya,Chennai,kitchen_bathroom_only,2025-05-26,Afternoon,4.1,1,Monthly
C9196,Vikram,Bengaluru,standard,2025-05-19,Evening,3.5,0,On-demand
C3303,Manoj,Mumbai,deep_clean,2025-05-12,Morning,3.7,0,Bi-weekly
C8182,Sneha,Kolkata,standard,2025-02-04,Afternoon,3.4,1,Monthly
C7201,Vikram,Chennai,standard,2025-02-01,Afternoon,4.8,0,On-demand
C6419,Anjali,Hyderabad,deep_clean,2024-12-28,Afternoon,4.2,1,Monthly
C1785,Nitin,Kolkata,deep_clean,2025-03-10,Morning,3.8,1,Weekly
C5988,Raj,Delhi,deep_clean,2025-03-31,Morning,3.9,1,Monthly
C2925,Vikram,Chennai,standard,2024-12-13,Evening,4.9,1,Monthly
C8194,Raj,Kolkata,standard,2025-06-01,Morning,3.3,0,On-demand
C9814,Amit,Delhi,deep_clean,2025-01-09,Evening,4.2,1,Monthly
C7905,Rekha,Delhi,standard,2024-12-19,Evening,4.0,0,On-demand
C2126,Amit,Kolkata,standard,2025-05-25,Morning,4.2,0,On-demand
C2261,Divya,Hyderabad,deep_clean,2025-02-02,Afternoon,3.0,0,On-demand
C6172,Sneha,Kolkata,standard,2025-04-01,Afternoon,4.7,0,On-demand
C7753,Amit,Bengaluru,kitchen_bathroom_only,2025-04-19,Evening,4.9,1,Monthly
C3438,Vikram,Delhi,standard,2025-02-10,Afternoon,4.1,1,Monthly
C2199,Divya,Mumbai,kitchen_bathroom_only,2025-02-26,Afternoon,4.4,1,Weekly
C3943,Rekha,Hyderabad,standard,2025-01-14,Afternoon,4.8,0,Bi-weekly
C7073,Nitin,Delhi,standard,2025-01-21,Morning,4.4,0,Bi-weekly
C1074,Sneha,Mumbai,kitchen_bathroom_only,2025-02-22,Afternoon,3.3,1,Monthly
C5618,Divya,Mumbai,deep_clean,2025-02-16,Morning,4.2,0,On-demand
C3518,Nitin,Mumbai,kitchen_bathroom_only,2025-03-09,Morning,4.2,1,Weekly
C9893,Priya,Bengaluru,deep_clean,2025-02-05,Morning,3.8,0,Bi-weekly
C3646,Manoj,Kolkata,kitchen_bathroom_only,2025-02-28,Morning,4.5,0,On-demand
C1948,Priya,Chennai,kitchen_bathroom_only,2025-01-27,Afternoon,4.9,0,Bi-weekly
C4180,Amit,Mumbai,kitchen_bathroom_only,2025-04-18,Morning,4.9,0,Monthly
C5526,Amit,Bengaluru,kitchen_bathroom_only,2025-04-29,Evening,3.9,1,Weekly
C9875,Vikram,Bengaluru,deep_clean,2025-04-18,Evening,3.2,1,Monthly
C3639,Manoj,Hyderabad,kitchen_bathroom_only,2025-02-01,Morning,5.0,0,On-demand
C9215,Anjali,Kolkata,deep_clean,2025-04-28,Evening,4.7,0,Weekly
C8763,Sneha,Mumbai,kitchen_bathroom_only,2025-02-01,Morning,3.2,0,On-demand
C3004,Anjali,Hyderabad,kitchen_bathroom_only,2025-01-22,Afternoon,4.8,0,Monthly
C1147,Divya,Bengaluru,standard,2025-04-15,Evening,4.7,0,Weekly
C5086,Priya,Kolkata,deep_clean,2025-01-29,Evening,4.0,1,Bi-weekly
C3124,Vikram,Kolkata,kitchen_bathroom_only,2025-03-30,Evening,4.2,0,Bi-weekly
C8457,Rekha,Bengaluru,kitchen_bathroom_only,2025-01-11,Morning,3.8,0,Bi-weekly
C2133,Raj,Kolkata,kitchen_bathroom_only,2025-03-28,Evening,3.1,0,On-demand
C4569,Raj,Kolkata,kitchen_bathroom_only,2024-12-30,Afternoon,3.7,0,On-demand
C1344,Vikram,Chennai,standard,2025-01-04,Evening,4.6,0,Monthly
C2694,Divya,Kolkata,deep_clean,2025-01-23,Evening,3.0,1,Weekly
C7412,Rekha,Bengaluru,deep_clean,2025-02-02,Evening,3.7,1,Weekly
C1804,Anjali,Hyderabad,deep_clean,2025-06-01,Evening,3.8,1,Bi-weekly
C6923,Sneha,Mumbai,deep_clean,2025-03-13,Evening,4.1,1,Weekly
C5347,Sneha,Chennai,kitchen_bathroom_only,2025-05-03,Afternoon,4.8,1,Bi-weekly
C4384,Divya,Delhi,deep_clean,2024-12-28,Afternoon,3.7,0,On-demand
C5544,Amit,Hyderabad,kitchen_bathroom_only,2025-03-21,Afternoon,3.7,0,On-demand
C3224,Anjali,Bengaluru,deep_clean,2024-12-28,Evening,4.5,0,Monthly
C8545,Nitin,Hyderabad,kitchen_bathroom_only,2025-02-03,Afternoon,3.9,1,Monthly
C7231,Raj,Bengaluru,standard,2025-05-11,Evening,3.4,0,Weekly
C9570,Nitin,Mumbai,standard,2025-05-26,Evening,3.9,1,Bi-weekly
C8267,Sneha,Chennai,kitchen_bathroom_only,2025-02-01,Evening,3.3,1,Bi-weekly
C4841,Divya,Kolkata,standard,2025-05-19,Morning,3.4,0,Weekly
C7734,Divya,Kolkata,deep_clean,2025-04-03,Afternoon,4.0,0,Monthly
C7794,Manoj,Bengaluru,deep_clean,2025-03-31,Afternoon,3.8,0,Weekly
C4695,Amit,Kolkata,kitchen_bathroom_only,2025-05-09,Evening,4.8,0,Bi-weekly
C4578,Vikram,Hyderabad,deep_clean,2025-02-10,Morning,3.7,1,Monthly
C8573,Manoj,Chennai,deep_clean,2024-12-26,Afternoon,4.2,0,On-demand
C3834,Divya,Delhi,standard,2025-06-01,Morning,4.3,0,Bi-weekly
C6612,Rekha,Mumbai,deep_clean,2025-06-02,Evening,3.0,0,Monthly
C8230,Nitin,Hyderabad,standard,2025-05-28,Evening,4.3,1,Bi-weekly
C2510,Divya,Kolkata,deep_clean,2025-03-28,Evening,3.4,0,On-demand
C5794,Nitin,Chennai,kitchen_bathroom_only,2025-02-27,Afternoon,4.9,1,Weekly
C1297,Divya,Delhi,deep_clean,2025-05-13,Evening,3.3,1,Monthly
C5949,Priya,Bengaluru,standard,2025-01-06,Afternoon,3.8,0,Monthly
C5521,Nitin,Delhi,deep_clean,2025-01-07,Afternoon,3.2,1,Bi-weekly
C8965,Vikram,Kolkata,deep_clean,2025-02-24,Afternoon,5.0,0,Monthly
C4757,Priya,Kolkata,standard,2025-01-21,Afternoon,4.0,1,Bi-weekly
C1724,Vikram,Delhi,deep_clean,2025-04-02,Evening,4.2,0,On-demand
C4326,Anjali,Kolkata,deep_clean,2025-04-11,Evening,3.1,0,On-demand
C1496,Manoj,Chennai,kitchen_bathroom_only,2025-01-09,Evening,4.5,0,On-demand
C3437,Nitin,Hyderabad,kitchen_bathroom_only,2025-03-26,Afternoon,3.4,1,Monthly
C9372,Vikram,Bengaluru,standard,2024-12-14,Morning,4.8,0,On-demand
C6445,Manoj,Mumbai,standard,2025-02-11,Afternoon,3.4,0,Bi-weekly
C1822,Raj,Kolkata,kitchen_bathroom_only,2025-03-11,Morning,3.4,0,On-demand
C1334,Raj,Kolkata,standard,2025-04-19,Morning,3.1,0,Monthly
C9344,Rekha,Mumbai,standard,2025-05-07,Evening,3.9,1,Weekly
C3906,Raj,Kolkata,deep_clean,2025-02-09,Afternoon,4.1,1,Monthly
C2258,Nitin,Delhi,kitchen_bathroom_only,2025-02-08,Morning,3.1,0,Weekly
C4093,Amit,Delhi,standard,2025-01-07,Afternoon,4.6,0,Weekly
C6248,Manoj,Delhi,standard,2025-05-03,Evening,3.9,0,On-demand
C9863,Vikram,Bengaluru,deep_clean,2024-12-17,Afternoon,4.0,0,Weekly
C5218,Raj,Kolkata,standard,2024-12-19,Morning,3.9,0,On-demand
C7024,Rekha,Hyderabad,deep_clean,2025-04-19,Evening,3.8,0,On-demand
C5510,Sneha,Bengaluru,standard,2025-02-24,Morning,4.1,1,Monthly
C6155,Anjali,Hyderabad,standard,2025-03-17,Afternoon,3.3,0,Monthly
C3574,Nitin,Bengaluru,kitchen_bathroom_only,2024-12-17,Morning,3.4,1,Bi-weekly
C8276,Anjali,Kolkata,kitchen_bathroom_only,2024-12-18,Evening,4.7,1,Bi-weekly
C6869,Divya,Mumbai,kitchen_bathroom_only,2025-01-13,Afternoon,4.9,1,Weekly
C4962,Vikram,Mumbai,standard,2024-12-19,Afternoon,3.7,0,Weekly
C2423,Divya,Mumbai,standard,2025-05-27,Afternoon,3.5,0,Bi-weekly
C4915,Divya,Chennai,standard,2025-05-31,Afternoon,4.3,1,Bi-weekly
C5631,Rekha,Delhi,standard,2024-12-23,Evening,3.8,0,Weekly
C6793,Rekha,Hyderabad,kitchen_bathroom_only,2025-04-05,Evening,3.1,1,Bi-weekly
C1898,Nitin,Hyderabad,standard,2024-12-24,Morning,3.3,0,On-demand
C2234,Divya,Kolkata,standard,2025-05-05,Morning,4.4,1,Monthly
C1968,Raj,Mumbai,deep_clean,2025-04-26,Morning,4.3,0,Weekly
C2975,Sneha,Hyderabad,kitchen_bathroom_only,2025-02-23,Morning,3.1,0,Weekly
C9601,Priya,Mumbai,standard,2025-05-15,Evening,3.4,1,Monthly
C1594,Anjali,Kolkata,deep_clean,2025-04-18,Afternoon,3.5,0,Bi-weekly
C3779,Raj,Chennai,kitchen_bathroom_only,2025-02-20,Morning,4.3,0,On-demand
C2081,Raj,Mumbai,kitchen_bathroom_only,2025-03-15,Evening,3.0,0,Weekly
C9075,Sneha,Kolkata,deep_clean,2025-04-21,Afternoon,3.2,0,Monthly
C3987,Amit,Hyderabad,deep_clean,2025-03-07,Evening,4.6,0,On-demand
C7458,Sneha,Hyderabad,kitchen_bathroom_only,2025-03-26,Evening,3.4,1,Monthly
C8349,Rekha,Hyderabad,deep_clean,2025-01-09,Afternoon,4.3,0,Monthly
C5443,Nitin,Hyderabad,standard,2025-01-03,Evening,3.5,1,Monthly
C2728,Raj,Bengaluru,standard,2025-03-01,Evening,3.2,1,Bi-weekly
C8929,Raj,Mumbai,kitchen_bathroom_only,2025-03-14,Evening,3.5,1,Monthly
C6998,Rekha,Mumbai,kitchen_bathroom_only,2025-01-23,Morning,4.4,1,Monthly
C5709,Anjali,Hyderabad,deep_clean,2025-04-20,Morning,4.7,0,On-demand
C6246,Divya,Hyderabad,standard,2025-04-26,Evening,4.7,1,Monthly
C3437,Vikram,Delhi,kitchen_bathroom_only,2025-03-03,Morning,3.8,0,Weekly
C8591,Amit,Mumbai,deep_clean,2025-05-29,Afternoon,4.3,0,On-demand
C8124,Sneha,Bengaluru,deep_clean,2025-01-19,Evening,3.4,1,Monthly
C2223,Vikram,Chennai,kitchen_bathroom_only,2024-12-21,Afternoon,3.6,1,Monthly
C6053,Anjali,Kolkata,deep_clean,2025-01-28,Morning,4.8,0,Weekly
C6514,Nitin,Mumbai,standard,2025-03-18,Afternoon,3.0,1,Bi-weekly
C8862,Sneha,Kolkata,deep_clean,2025-05-03,Afternoon,3.2,0,Monthly
C5057,Vikram,Chennai,kitchen_bathroom_only,2025-02-24,Morning,3.4,1,Weekly
C9700,Divya,Kolkata,standard,2025-05-19,Morning,3.1,0,Weekly
C9225,Divya,Delhi,standard,2025-05-15,Morning,3.4,0,On-demand
C4183,Vikram,Hyderabad,standard,2025-01-23,Morning,4.2,0,Bi-weekly
C1182,Priya,Kolkata,kitchen_bathroom_only,2025-02-15,Evening,3.8,1,Weekly
C3459,Amit,Hyderabad,deep_clean,2025-05-06,Afternoon,4.8,1,Monthly
C2104,Manoj,Kolkata,deep_clean,2025-01-30,Morning,4.6,0,On-demand
C9688,Vikram,Bengaluru,standard,2025-05-11,Afternoon,3.7,0,On-demand
C4552,Amit,Hyderabad,deep_clean,2025-03-21,Evening,3.5,0,Bi-weekly
C3423,Raj,Chennai,deep_clean,2025-01-26,Morning,3.8,1,Weekly
C2091,Nitin,Mumbai,deep_clean,2025-03-10,Evening,4.2,1,Weekly
C1197,Manoj,Bengaluru,deep_clean,2025-03-26,Evening,3.5,0,Monthly
C5878,Rekha,Kolkata,standard,2025-02-18,Afternoon,4.2,1,Monthly
C6804,Priya,Delhi,standard,2025-01-10,Morning,3.8,0,On-demand
C6860,Raj,Kolkata,kitchen_bathroom_only,2024-12-09,Morning,4.1,1,Monthly
C2948,Nitin,Hyderabad,deep_clean,2024-12-18,Morning,3.9,0,Weekly
C9676,Priya,Chennai,deep_clean,2025-02-24,Evening,3.6,0,Bi-weekly
C1833,Sneha,Hyderabad,standard,2025-04-21,Morning,4.9,0,On-demand
C1004,Manoj,Hyderabad,deep_clean,2025-01-12,Morning,4.5,0,On-demand
C9889,Sneha,Bengaluru,deep_clean,2025-04-03,Afternoon,3.3,0,Monthly
C2853,Vikram,Mumbai,kitchen_bathroom_only,2025-03-07,Morning,4.7,1,Bi-weekly
C4042,Manoj,Delhi,deep_clean,2025-04-21,Morning,4.0,0,On-demand
C1497,Vikram,Chennai,kitchen_bathroom_only,2025-02-10,Afternoon,4.8,0,On-demand
C7414,Vikram,Delhi,standard,2025-05-12,Evening,4.6,0,Monthly
C7688,Vikram,Delhi,kitchen_bathroom_only,2025-01-26,Evening,3.9,1,Bi-weekly
C6018,Amit,Mumbai,kitchen_bathroom_only,2025-01-31,Morning,3.0,1,Bi-weekly
C7643,Divya,Mumbai,kitchen_bathroom_only,2024-12-20,Afternoon,3.5,1,Monthly
C2011,Divya,Hyderabad,standard,2025-01-03,Evening,4.1,0,Monthly
C7575,Vikram,Mumbai,deep_clean,2024-12-10,Morning,4.3,1,Monthly
C6867,Anjali,Kolkata,kitchen_bathroom_only,2025-05-17,Afternoon,3.5,1,Monthly
C1961,Raj,Kolkata,standard,2025-05-15,Morning,3.3,0,On-demand
C3223,Anjali,Bengaluru,kitchen_bathroom_only,2025-06-02,Evening,4.7,0,Weekly
C8934,Nitin,Delhi,standard,2025-01-19,Evening,5.0,1,Monthly
C7102,Nitin,Mumbai,standard,2025-03-03,Morning,4.1,0,Monthly
C4294,Rekha,Kolkata,deep_clean,2025-01-19,Morning,3.3,1,Monthly
C2058,Nitin,Kolkata,kitchen_bathroom_only,2025-02-28,Afternoon,3.5,0,On-demand
C9094,Sneha,Bengaluru,kitchen_bathroom_only,2025-01-05,Afternoon,3.0,0,Weekly
C8949,Sneha,Hyderabad,standard,2025-05-02,Afternoon,4.8,0,On-demand
C8473,Rekha,Mumbai,standard,2025-01-01,Afternoon,3.2,0,Weekly
C4145,Anjali,Chennai,standard,2025-01-25,Afternoon,4.2,0,On-demand
C3532,Sneha,Kolkata,deep_clean,2025-03-21,Afternoon,3.5,0,On-demand
C4358,Anjali,Chennai,deep_clean,2025-03-25,Morning,4.1,0,Weekly
C1851,Priya,Mumbai,kitchen_bathroom_only,2025-03-26,Afternoon,4.3,0,Bi-weekly
C9603,Anjali,Chennai,deep_clean,2025-01-12,Afternoon,4.7,1,Monthly
C8476,Amit,Mumbai,standard,2025-01-10,Afternoon,3.4,0,On-demand
C3739,Vikram,Delhi,standard,2025-05-27,Afternoon,3.0,0,On-demand
C5318,Sneha,Chennai,deep_clean,2025-04-08,Evening,3.3,0,Monthly
C9993,Vikram,Delhi,deep_clean,2025-04-13,Evening,4.8,0,Bi-weekly
C7853,Amit,Delhi,standard,2025-01-21,Afternoon,4.7,0,On-demand
C9729,Manoj,Bengaluru,kitchen_bathroom_only,2025-03-26,Morning,4.2,0,On-demand
C2806,Sneha,Hyderabad,deep_clean,2024-12-06,Evening,4.2,1,Monthly
C6205,Sneha,Chennai,standard,2025-02-09,Afternoon,4.3,0,On-demand
C5339,Vikram,Chennai,kitchen_bathroom_only,2025-04-04,Evening,3.4,1,Weekly
C9428,Raj,Bengaluru,kitchen_bathroom_only,2025-03-17,Evening,4.8,1,Monthly
C7197,Manoj,Kolkata,standard,2024-12-28,Morning,3.8,1,Weekly
C2899,Manoj,Kolkata,kitchen_bathroom_only,2025-01-31,Afternoon,3.8,1,Bi-weekly
C3052,Anjali,Delhi,kitchen_bathroom_only,2025-05-20,Evening,4.0,1,Weekly
C1552,Sneha,Kolkata,standard,2025-02-27,Evening,3.1,1,Bi-weekly
C6824,Raj,Bengaluru,deep_clean,2025-02-06,Afternoon,3.3,1,Monthly
C4739,Divya,Bengaluru,kitchen_bathroom_only,2025-05-16,Evening,4.5,0,On-demand
C5417,Amit,Chennai,kitchen_bathroom_only,2025-02-06,Evening,3.2,0,On-demand
C7612,Amit,Delhi,deep_clean,2025-01-09,Afternoon,4.2,1,Monthly
C6183,Priya,Bengaluru,standard,2025-02-13,Evening,3.5,1,Weekly
C4275,Priya,Bengaluru,deep_clean,2025-05-06,Morning,3.8,1,Monthly
C6496,Nitin,Hyderabad,deep_clean,2024-12-24,Evening,3.6,0,Monthly
C8854,Manoj,Delhi,deep_clean,2025-04-11,Afternoon,3.7,0,Weekly
C4868,Raj,Delhi,deep_clean,2024-12-20,Morning,4.4,0,Weekly
C6355,Manoj,Mumbai,deep_clean,2025-03-27,Evening,3.6,0,On-demand
C8555,Manoj,Mumbai,deep_clean,2025-04-18,Morning,4.1,0,Monthly
C9474,Raj,Delhi,standard,2025-02-12,Evening,4.0,1,Monthly
C6139,Raj,Hyderabad,deep_clean,2025-05-22,Afternoon,4.3,0,Monthly
C7654,Manoj,Delhi,kitchen_bathroom_only,2025-01-29,Afternoon,4.9,0,Bi-weekly
C9730,Sneha,Bengaluru,kitchen_bathroom_only,2025-01-31,Morning,4.5,0,On-demand
C3539,Rekha,Mumbai,kitchen_bathroom_only,2025-01-02,Morning,3.4,1,Monthly
C1288,Sneha,Hyderabad,deep_clean,2024-12-22,Afternoon,3.1,0,On-demand
C4646,Manoj,Bengaluru,deep_clean,2025-03-29,Afternoon,3.5,0,Weekly
C3879,Nitin,Delhi,standard,2024-12-07,Morning,4.2,0,On-demand
C3017,Priya,Hyderabad,deep_clean,2025-02-24,Afternoon,3.1,0,Bi-weekly
C8903,Rekha,Delhi,deep_clean,2025-04-18,Evening,4.0,0,On-demand
C5573,Rekha,Mumbai,standard,2025-05-06,Morning,4.2,0,On-demand
C6604,Priya,Bengaluru,standard,2025-01-31,Morning,3.7,0,Monthly
C6092,Raj,Bengaluru,deep_clean,2025-02-27,Morning,4.5,1,Bi-weekly
C5735,Vikram,Chennai,kitchen_bathroom_only,2025-05-19,Afternoon,3.2,0,On-demand
C2328,Divya,Mumbai,kitchen_bathroom_only,2025-01-22,Afternoon,3.2,0,Monthly
C7305,Raj,Mumbai,standard,2024-12-21,Afternoon,4.5,0,Monthly
C1447,Sneha,Kolkata,deep_clean,2025-03-26,Morning,4.0,0,Monthly
C5079,Vikram,Delhi,deep_clean,2025-01-29,Evening,4.4,0,On-demand
C9882,Amit,Delhi,standard,2024-12-22,Afternoon,3.9,1,Monthly
C5226,Vikram,Hyderabad,deep_clean,2025-04-01,Afternoon,3.5,1,Weekly
C7157,Raj,Delhi,deep_clean,2025-04-12,Morning,4.6,0,Bi-weekly
C6981,Nitin,Bengaluru,deep_clean,2024-12-05,Evening,4.6,0,Bi-weekly
C7884,Vikram,Hyderabad,standard,2025-04-04,Afternoon,4.4,1,Bi-weekly
C3075,Anjali,Kolkata,kitchen_bathroom_only,2025-01-02,Afternoon,3.5,1,Monthly
C8573,Vikram,Hyderabad,deep_clean,2025-01-29,Afternoon,4.2,0,Weekly
C1790,Raj,Chennai,kitchen_bathroom_only,2025-04-06,Evening,3.7,0,Bi-weekly
C7419,Manoj,Hyderabad,kitchen_bathroom_only,2025-01-03,Morning,3.2,1,Bi-weekly
C2716,Rekha,Hyderabad,standard,2025-02-28,Afternoon,4.8,1,Monthly
C6689,Rekha,Delhi,standard,2024-12-22,Afternoon,3.3,0,On-demand
C3312,Rekha,Chennai,standard,2025-03-27,Evening,4.9,0,Monthly
C2214,Anjali,Bengaluru,deep_clean,2025-04-29,Afternoon,3.9,1,Bi-weekly
