appointment_id,customer_id,service_type,bhk,area_sqft,has_heavy_furniture,customer_rating,city_tier,last_cleaning_days_ago,duration_minutes,customer_returned
A0001,C020,deep_clean,1,785,0,4.8,2,118,181,0
A0002,C009,kitchen_bathroom_only,1,660,1,3.9,1,20,135,1
A0003,C194,deep_clean,4,721,0,4.8,1,119,197,0
A0004,C039,standard,4,1372,0,2.9,1,69,239,0
A0005,C155,kitchen_bathroom_only,3,1338,1,3.9,3,175,232,0
A0006,C014,kitchen_bathroom_only,2,1210,1,3.8,3,121,205,0
A0007,C074,standard,3,1581,0,2.6,3,97,246,0
A0008,C192,deep_clean,1,1231,0,4.5,3,15,226,1
A0009,C224,standard,3,1436,1,3.1,2,167,246,0
A0010,C145,deep_clean,4,1192,1,2.5,2,15,262,0
A0011,C072,kitchen_bathroom_only,3,941,1,3.4,1,121,171,0
A0012,C056,standard,3,809,1,2.6,2,109,191,0
A0013,C278,deep_clean,2,956,0,2.8,1,29,210,0
A0014,C169,deep_clean,1,511,1,3.9,3,101,158,0
A0015,C003,deep_clean,3,410,0,4.5,2,37,156,0
A0016,C085,deep_clean,3,737,0,3.5,1,62,187,1
A0017,C076,deep_clean,3,1099,1,4.4,2,106,245,0
A0018,C242,deep_clean,4,1957,1,3.6,1,6,334,1
A0019,C177,kitchen_bathroom_only,1,745,0,4.0,2,142,130,0
A0020,C176,standard,3,454,0,4.8,2,45,133,0
A0021,C279,deep_clean,3,843,0,4.3,3,173,201,0
A0022,C172,standard,3,1240,0,2.9,2,26,213,1
A0023,C056,kitchen_bathroom_only,4,745,1,3.9,2,149,169,0
A0024,C056,kitchen_bathroom_only,4,1467,0,4.5,3,110,231,0
A0025,C239,deep_clean,4,1542,1,3.9,2,145,297,0
A0026,C287,standard,4,1128,0,3.1,2,104,213,0
A0027,C010,kitchen_bathroom_only,4,1084,0,3.8,2,99,192,0
A0028,C175,kitchen_bathroom_only,2,572,0,4.0,2,165,124,0
A0029,C245,kitchen_bathroom_only,3,1558,0,2.9,3,144,224,0
A0030,C116,deep_clean,2,1902,1,4.7,3,115,321,0
A0031,C097,kitchen_bathroom_only,1,811,1,3.9,3,109,165,0
A0032,C060,kitchen_bathroom_only,4,1303,1,4.8,2,121,236,0
A0033,C210,deep_clean,4,1880,1,3.6,3,126,334,0
A0034,C047,kitchen_bathroom_only,3,772,1,4.7,2,69,172,1
A0035,C160,deep_clean,3,1928,0,2.5,3,145,312,0
A0036,C004,kitchen_bathroom_only,1,765,0,4.3,1,66,130,0
A0037,C065,kitchen_bathroom_only,2,1000,0,3.1,1,65,169,0
A0038,C143,standard,1,1651,0,3.7,2,135,232,0
A0039,C032,kitchen_bathroom_only,2,1251,0,3.0,3,164,192,0
A0040,C145,deep_clean,4,1807,1,4.3,2,60,317,0
A0041,C100,standard,2,451,1,3.6,2,112,143,0
A0042,C002,kitchen_bathroom_only,2,1180,1,2.8,3,113,202,0
A0043,C127,deep_clean,1,1646,1,4.7,2,126,284,0
A0044,C294,standard,1,525,0,2.7,3,36,126,0
A0045,C184,kitchen_bathroom_only,4,1356,0,3.6,2,117,216,0
A0046,C284,standard,4,1993,1,4.7,1,142,313,0
A0047,C073,kitchen_bathroom_only,1,1936,1,4.0,3,35,265,0
A0048,C184,kitchen_bathroom_only,2,530,0,4.4,3,113,123,0
A0049,C004,kitchen_bathroom_only,3,1872,0,4.4,1,81,261,0
A0050,C135,deep_clean,2,1781,1,3.9,3,171,301,0
A0051,C131,standard,3,717,1,2.5,3,118,181,0
A0052,C191,deep_clean,3,1716,0,4.5,1,158,298,0
A0053,C118,deep_clean,4,1217,1,4.2,3,7,266,1
A0054,C087,deep_clean,2,1469,1,2.7,2,37,277,0
A0055,C237,deep_clean,2,836,0,4.6,2,141,198,0
A0056,C277,kitchen_bathroom_only,1,1576,0,2.8,1,159,217,0
A0057,C221,kitchen_bathroom_only,2,776,1,4.6,3,49,165,0
A0058,C011,deep_clean,3,703,1,2.7,1,85,207,1
A0059,C088,deep_clean,2,1040,1,3.1,2,171,227,0
A0060,C270,deep_clean,2,540,1,4.1,1,141,179,0
A0061,C282,standard,2,1722,1,4.3,1,48,260,1
A0062,C114,kitchen_bathroom_only,2,895,0,4.8,1,25,160,1
A0063,C161,kitchen_bathroom_only,4,1773,1,4.4,2,90,276,0
A0064,C243,standard,4,865,0,4.3,2,114,188,0
A0065,C072,deep_clean,2,914,1,4.2,1,112,212,0
A0066,C267,deep_clean,1,1975,1,5.0,2,103,316,0
A0067,C245,deep_clean,1,761,1,4.1,2,148,190,0
A0068,C019,deep_clean,2,1505,0,3.0,2,76,258,0
A0069,C071,standard,2,1547,0,4.7,2,59,239,1
A0070,C122,standard,3,567,0,4.8,2,120,148,0
A0071,C259,standard,1,1909,0,3.4,1,2,268,1
A0072,C204,deep_clean,1,817,0,3.0,2,66,183,0
A0073,C169,kitchen_bathroom_only,4,868,0,3.4,2,46,171,0
A0074,C023,kitchen_bathroom_only,1,1491,1,4.8,1,25,217,1
A0075,C128,deep_clean,4,1673,1,4.8,1,23,314,1
A0076,C133,kitchen_bathroom_only,4,1287,1,2.7,1,134,230,0
A0077,C070,kitchen_bathroom_only,3,1252,0,4.7,1,49,200,0
A0078,C049,deep_clean,1,1226,0,4.0,3,84,221,0
A0079,C035,kitchen_bathroom_only,2,912,0,4.4,2,13,154,1
A0080,C282,kitchen_bathroom_only,1,1333,0,3.4,3,100,184,0
A0081,C175,kitchen_bathroom_only,4,1164,1,3.8,2,179,216,0
A0082,C157,deep_clean,3,1125,1,3.1,3,134,250,0
A0083,C073,deep_clean,3,1460,1,3.8,2,39,290,0
A0084,C269,deep_clean,1,1421,1,4.5,2,20,258,1
A0085,C063,kitchen_bathroom_only,3,2000,1,4.4,1,172,290,0
A0086,C201,standard,2,1972,0,3.9,3,58,269,0
A0087,C271,kitchen_bathroom_only,3,889,1,2.6,2,164,179,0
A0088,C128,standard,1,1580,1,3.4,3,6,255,0
A0089,C080,kitchen_bathroom_only,1,443,1,4.2,1,57,117,0
A0090,C295,deep_clean,4,590,1,3.5,3,107,203,0
A0091,C234,kitchen_bathroom_only,3,760,0,2.5,1,22,151,1
A0092,C088,kitchen_bathroom_only,4,1962,0,3.6,3,96,275,0
A0093,C241,kitchen_bathroom_only,3,1386,1,2.7,3,105,232,0
A0094,C244,standard,3,811,0,4.9,3,159,165,0
A0095,C211,deep_clean,1,800,0,3.7,2,85,176,1
A0096,C171,kitchen_bathroom_only,4,1408,1,4.6,2,117,245,0
A0097,C261,kitchen_bathroom_only,4,2000,0,3.7,2,143,292,0
A0098,C233,kitchen_bathroom_only,1,1166,0,4.3,3,37,165,1
A0099,C208,kitchen_bathroom_only,2,694,1,3.3,1,159,145,0
A0100,C181,standard,3,423,1,3.4,3,119,148,0
A0101,C071,deep_clean,1,1940,0,3.0,2,173,292,0
A0102,C125,standard,3,1612,1,4.5,1,81,271,0
A0103,C270,standard,2,1702,1,2.8,2,44,266,1
A0104,C003,standard,4,592,0,4.7,1,78,157,0
A0105,C029,kitchen_bathroom_only,2,845,1,3.2,3,177,157,0
A0106,C209,kitchen_bathroom_only,1,1055,1,2.6,2,167,176,0
A0107,C256,standard,2,938,1,4.1,3,103,183,0
A0108,C047,kitchen_bathroom_only,3,1448,0,3.7,2,146,222,0
A0109,C226,kitchen_bathroom_only,1,521,0,4.5,1,6,103,1
A0110,C290,deep_clean,4,510,0,3.6,2,83,189,1
A0111,C106,deep_clean,4,693,0,3.3,3,106,197,0
A0112,C270,standard,2,1773,1,3.3,2,138,268,0
A0113,C115,kitchen_bathroom_only,1,430,0,4.4,1,66,96,1
A0114,C235,deep_clean,3,1712,0,4.5,2,47,294,1
A0115,C141,kitchen_bathroom_only,3,1855,1,2.6,1,165,282,0
A0116,C199,standard,4,628,1,3.0,3,3,190,0
A0117,C243,kitchen_bathroom_only,1,1317,0,2.7,1,6,188,0
A0118,C239,standard,2,1867,0,3.6,3,75,271,0
A0119,C276,deep_clean,2,1113,0,4.3,3,168,224,0
A0120,C177,standard,1,1294,0,4.5,3,135,201,0
A0121,C056,deep_clean,1,436,0,3.0,1,24,145,1
A0122,C182,deep_clean,3,400,0,3.9,3,55,162,0
A0123,C007,standard,3,1182,1,4.8,3,132,225,0
A0124,C095,kitchen_bathroom_only,3,821,1,4.6,3,83,169,0
A0125,C075,standard,1,878,1,3.7,3,117,174,0
A0126,C064,kitchen_bathroom_only,2,723,1,4.5,2,76,146,1
A0127,C185,standard,4,1045,0,3.5,2,30,199,1
A0128,C221,kitchen_bathroom_only,1,428,0,4.7,3,77,101,0
A0129,C054,deep_clean,2,527,0,4.1,3,135,168,0
A0130,C194,kitchen_bathroom_only,1,1119,0,3.5,1,77,163,1
A0131,C052,standard,4,767,1,4.8,3,81,194,1
A0132,C273,standard,4,1371,1,4.5,1,158,257,0
A0133,C183,standard,3,710,1,4.4,2,43,175,0
A0134,C171,kitchen_bathroom_only,3,1641,1,3.5,3,13,250,0
A0135,C068,kitchen_bathroom_only,1,869,0,3.3,2,86,142,1
A0136,C283,standard,2,1911,1,3.2,3,14,288,1
A0137,C046,kitchen_bathroom_only,2,1651,1,2.5,2,65,245,1
A0138,C252,standard,4,1598,0,2.5,2,21,267,0
A0139,C125,deep_clean,1,1086,1,5.0,3,31,227,0
A0140,C005,kitchen_bathroom_only,3,1503,0,3.0,2,96,221,0
A0141,C146,standard,2,1671,1,2.9,3,99,262,0
A0142,C063,deep_clean,4,853,1,3.3,1,75,230,0
A0143,C193,deep_clean,1,1204,0,4.0,2,98,219,0
A0144,C228,kitchen_bathroom_only,1,1192,1,2.7,1,159,193,0
A0145,C013,deep_clean,4,1089,0,3.9,1,105,241,0
A0146,C170,deep_clean,3,831,0,4.7,1,157,203,0
A0147,C288,standard,4,1329,1,4.9,2,161,244,0
A0148,C286,standard,3,1967,1,3.3,1,24,294,1
A0149,C124,kitchen_bathroom_only,3,555,0,3.1,3,63,126,1
A0150,C054,standard,4,1520,1,2.6,2,43,264,1
A0151,C049,kitchen_bathroom_only,1,681,1,3.5,1,43,141,0
A0152,C122,standard,1,1144,0,2.7,2,147,193,0
A0153,C247,standard,4,1782,0,3.6,1,148,278,0
A0154,C271,kitchen_bathroom_only,2,514,1,4.0,2,155,126,0
A0155,C037,kitchen_bathroom_only,2,832,0,3.5,1,83,150,1
A0156,C092,kitchen_bathroom_only,3,493,1,2.8,3,3,142,1
A0157,C186,kitchen_bathroom_only,4,1742,1,2.5,3,149,267,0
A0158,C294,deep_clean,2,1037,1,3.4,2,166,224,0
A0159,C146,standard,4,1458,1,3.4,2,85,263,1
A0160,C185,kitchen_bathroom_only,1,1693,0,4.3,1,157,227,0
A0161,C085,deep_clean,3,1463,1,4.1,3,134,281,0
A0162,C147,standard,4,1505,1,2.8,1,119,270,0
A0163,C055,deep_clean,2,1172,1,3.5,3,135,249,0
A0164,C120,kitchen_bathroom_only,4,1259,0,3.8,3,38,211,1
A0165,C177,deep_clean,1,1186,0,3.6,2,44,223,1
A0166,C290,standard,3,1814,1,4.8,3,77,290,0
A0167,C061,kitchen_bathroom_only,4,1211,1,4.9,1,77,217,1
A0168,C159,kitchen_bathroom_only,1,922,1,3.5,1,63,161,0
A0169,C003,standard,1,1407,0,4.8,1,96,222,0
A0170,C055,standard,1,605,1,2.6,2,59,136,0
A0171,C093,kitchen_bathroom_only,1,1241,0,4.9,2,120,177,0
A0172,C002,kitchen_bathroom_only,2,538,0,4.6,3,135,119,0
A0173,C127,kitchen_bathroom_only,2,1954,1,4.8,2,13,271,1
A0174,C216,standard,2,696,1,2.8,2,47,163,1
A0175,C103,standard,2,1646,1,3.2,3,118,256,0
A0176,C166,kitchen_bathroom_only,2,565,0,4.1,2,160,125,0
A0177,C201,standard,4,1313,1,3.2,3,98,243,0
A0178,C292,kitchen_bathroom_only,2,941,1,4.0,1,67,175,0
A0179,C066,deep_clean,4,940,0,3.1,2,36,236,1
A0180,C236,standard,4,1829,1,3.1,2,55,307,1
A0181,C046,deep_clean,3,1250,1,3.4,1,86,260,0
A0182,C132,deep_clean,3,791,1,4.9,3,137,216,0
A0183,C114,standard,4,639,1,3.7,1,66,176,0
A0184,C189,deep_clean,3,1329,0,3.0,2,162,257,0
A0185,C275,kitchen_bathroom_only,3,971,0,3.6,3,46,168,0
A0186,C040,kitchen_bathroom_only,4,1139,1,4.8,3,7,222,1
A0187,C210,deep_clean,4,1598,1,4.5,3,133,302,0
A0188,C268,standard,4,1062,1,2.5,3,30,218,1
A0189,C103,deep_clean,4,1709,1,3.0,3,100,321,0
A0190,C236,standard,2,1082,1,3.5,3,94,210,0
A0191,C127,kitchen_bathroom_only,3,1480,0,4.0,1,148,225,0
A0192,C163,kitchen_bathroom_only,4,496,1,3.6,3,171,158,0
A0193,C132,standard,1,750,0,3.0,3,39,138,0
A0194,C121,deep_clean,2,500,0,4.6,3,57,169,0
A0195,C011,standard,2,1060,1,4.8,1,36,200,0
A0196,C003,standard,4,646,1,4.5,3,72,189,0
A0197,C099,kitchen_bathroom_only,2,1377,0,4.4,3,93,196,0
A0198,C295,kitchen_bathroom_only,2,430,1,3.9,2,12,122,0
A0199,C293,deep_clean,2,1363,0,2.7,1,80,254,1
A0200,C199,standard,4,1837,0,3.0,1,15,277,0
A0201,C250,kitchen_bathroom_only,1,972,0,3.5,1,139,159,0
A0202,C186,kitchen_bathroom_only,3,1782,0,2.8,3,127,246,0
A0203,C222,kitchen_bathroom_only,4,1103,0,3.8,1,179,201,0
A0204,C274,kitchen_bathroom_only,1,1297,0,3.3,2,105,185,0
A0205,C261,deep_clean,2,1839,1,4.0,2,14,304,1
A0206,C215,standard,3,1710,1,4.1,2,4,278,1
A0207,C240,standard,1,1948,1,4.5,2,10,281,1
A0208,C044,kitchen_bathroom_only,1,1006,1,2.6,1,99,168,0
A0209,C254,kitchen_bathroom_only,1,683,0,3.3,3,1,124,1
A0210,C125,deep_clean,4,1845,1,3.3,2,130,328,0
A0211,C111,deep_clean,4,1580,1,4.8,1,22,294,1
A0212,C084,kitchen_bathroom_only,3,1500,1,2.8,3,2,246,1
A0213,C029,standard,2,605,0,4.2,1,12,151,1
A0214,C291,kitchen_bathroom_only,2,910,0,3.5,1,16,146,1
A0215,C154,standard,2,1512,0,4.3,2,11,233,1
A0216,C158,kitchen_bathroom_only,1,1315,1,4.2,3,58,201,1
A0217,C114,deep_clean,1,934,0,4.1,3,73,195,0
A0218,C273,kitchen_bathroom_only,1,587,0,3.7,2,19,111,0
A0219,C054,deep_clean,3,932,0,4.7,1,34,210,0
A0220,C074,standard,4,1407,0,4.1,1,116,245,0
A0221,C071,standard,1,678,0,2.9,1,159,143,0
A0222,C245,standard,2,1912,0,3.9,2,85,278,1
A0223,C227,deep_clean,2,1666,0,2.7,1,98,281,0
A0224,C010,standard,4,1977,1,4.1,2,15,316,1
A0225,C144,kitchen_bathroom_only,1,1678,0,4.1,3,74,219,1
A0226,C103,standard,4,999,0,3.5,1,41,197,1
A0227,C126,deep_clean,4,409,0,4.1,2,38,171,0
A0228,C223,deep_clean,1,1993,0,3.4,2,73,300,1
A0229,C293,kitchen_bathroom_only,1,1512,0,3.0,3,160,209,0
A0230,C059,standard,2,1780,1,2.6,1,109,272,0
A0231,C238,standard,3,1238,1,3.1,3,136,228,0
A0232,C103,kitchen_bathroom_only,3,1790,0,3.7,2,160,259,0
A0233,C264,kitchen_bathroom_only,1,820,1,5.0,3,151,156,0
A0234,C054,standard,4,988,1,3.3,2,160,218,0
A0235,C068,deep_clean,2,1297,1,3.6,2,58,261,0
A0236,C244,standard,4,813,0,3.6,1,4,181,1
A0237,C015,kitchen_bathroom_only,3,1289,0,4.9,3,161,206,0
A0238,C075,standard,1,1000,1,4.3,3,102,184,0
A0239,C048,kitchen_bathroom_only,3,1595,1,4.3,2,104,250,0
A0240,C168,standard,1,1290,1,3.3,3,123,217,0
A0241,C105,kitchen_bathroom_only,3,1241,1,4.8,3,76,210,0
A0242,C248,standard,1,793,1,3.8,2,82,175,0
A0243,C295,deep_clean,2,1252,1,3.0,2,80,256,1
A0244,C113,standard,1,647,1,4.9,3,153,154,0
A0245,C211,standard,1,903,1,3.3,3,54,172,1
A0246,C230,standard,1,970,1,4.1,1,5,182,1
A0247,C123,deep_clean,4,1097,1,2.9,2,161,260,0
A0248,C085,deep_clean,1,1982,1,4.4,2,51,312,0
A0249,C021,kitchen_bathroom_only,3,1667,1,4.6,2,115,260,0
A0250,C271,standard,3,1110,0,3.4,2,15,208,0
A0251,C171,kitchen_bathroom_only,4,1353,1,2.8,3,94,237,0
A0252,C101,deep_clean,1,1814,0,4.1,1,31,279,0
A0253,C192,standard,4,835,1,3.5,3,128,201,0
A0254,C170,deep_clean,2,782,0,4.6,1,102,193,0
A0255,C124,standard,3,1370,0,4.7,1,36,233,1
A0256,C263,deep_clean,2,453,1,3.6,1,162,168,0
A0257,C084,standard,2,1904,0,3.8,3,160,267,0
A0258,C299,deep_clean,4,623,1,3.0,3,123,206,0
A0259,C084,kitchen_bathroom_only,1,1428,0,3.3,2,25,199,0
A0260,C126,deep_clean,3,1542,1,2.8,2,95,297,0
A0261,C216,kitchen_bathroom_only,3,883,1,3.7,3,148,177,0
A0262,C276,deep_clean,4,1415,1,3.4,2,14,286,0
A0263,C204,deep_clean,1,1007,0,2.9,1,49,202,1
A0264,C299,kitchen_bathroom_only,3,1484,1,4.1,1,142,234,0
A0265,C246,deep_clean,2,1130,0,4.5,2,85,225,0
A0266,C023,deep_clean,3,1061,1,2.7,1,17,242,0
A0267,C077,kitchen_bathroom_only,2,778,1,2.7,1,46,156,1
A0268,C229,deep_clean,3,973,1,4.5,3,156,235,0
A0269,C171,standard,2,1581,1,4.7,3,34,254,0
A0270,C117,standard,3,1104,1,5.0,1,25,215,1
A0271,C277,standard,1,1431,1,3.3,1,14,230,1
A0272,C127,kitchen_bathroom_only,2,551,1,5.0,3,97,135,0
A0273,C204,standard,4,1081,1,4.8,1,110,230,0
A0274,C158,standard,2,1521,1,3.5,2,49,252,0
A0275,C185,deep_clean,3,1355,0,2.6,3,58,262,1
A0276,C248,standard,3,1476,1,2.8,3,163,262,0
A0277,C126,deep_clean,4,933,0,3.7,3,63,234,0
A0278,C204,kitchen_bathroom_only,2,1495,0,3.2,3,85,210,0
A0279,C177,deep_clean,2,1898,0,2.6,1,58,289,1
A0280,C078,deep_clean,1,1322,0,2.9,1,131,230,0
A0281,C104,standard,3,676,0,3.3,3,101,148,0
A0282,C032,kitchen_bathroom_only,4,976,1,3.4,3,129,199,0
A0283,C267,deep_clean,2,676,0,4.9,1,151,180,0
A0284,C155,standard,1,1153,0,4.5,2,15,190,1
A0285,C099,kitchen_bathroom_only,3,915,0,3.7,1,24,170,0
A0286,C072,deep_clean,4,1358,1,3.1,2,49,288,1
A0287,C147,kitchen_bathroom_only,1,1236,1,2.9,1,27,193,1
A0288,C003,kitchen_bathroom_only,3,1432,1,4.2,1,172,232,0
A0289,C107,standard,1,420,1,4.4,1,55,118,1
A0290,C194,deep_clean,4,825,1,4.0,1,170,234,0
A0291,C257,kitchen_bathroom_only,3,1182,1,2.7,2,70,210,0
A0292,C013,kitchen_bathroom_only,3,1013,0,3.3,2,17,178,0
A0293,C170,deep_clean,4,1113,1,3.9,2,167,256,0
A0294,C188,deep_clean,3,584,0,3.4,2,98,178,0
A0295,C126,kitchen_bathroom_only,1,1381,1,4.1,3,18,209,1
A0296,C030,standard,4,727,0,3.3,1,176,174,0
A0297,C288,kitchen_bathroom_only,1,716,1,3.9,2,171,149,0
A0298,C037,kitchen_bathroom_only,4,1754,0,3.4,3,3,262,1
A0299,C157,standard,3,1034,1,4.8,3,28,206,1
A0300,C157,deep_clean,4,1655,1,3.1,3,134,314,0
A0301,C037,kitchen_bathroom_only,1,744,1,4.5,2,120,139,0
A0302,C209,deep_clean,1,1335,0,3.0,1,91,233,0
A0303,C236,deep_clean,2,699,1,2.7,1,22,196,0
A0304,C300,kitchen_bathroom_only,2,539,1,2.8,2,45,136,1
A0305,C124,deep_clean,4,1219,0,2.6,3,171,244,0
A0306,C143,kitchen_bathroom_only,1,660,0,3.9,1,6,127,0
A0307,C242,deep_clean,4,791,0,3.9,3,55,210,1
A0308,C222,kitchen_bathroom_only,4,1216,1,4.8,3,143,232,0
A0309,C273,deep_clean,4,1612,0,4.8,1,122,297,0
A0310,C274,standard,4,1493,1,2.6,3,80,265,1
A0311,C006,standard,4,884,0,4.3,3,68,194,0
A0312,C070,standard,4,831,0,3.8,3,50,184,0
A0313,C125,standard,3,1288,0,4.8,1,149,226,0
A0314,C054,standard,4,1115,1,4.7,1,141,231,0
A0315,C155,deep_clean,2,1554,1,4.3,2,155,278,0
A0316,C187,kitchen_bathroom_only,3,1140,0,2.7,1,131,187,0
A0317,C159,standard,3,1883,0,4.8,2,22,270,1
A0318,C281,standard,2,1692,1,4.0,2,164,271,0
A0319,C017,standard,3,914,0,3.2,1,108,186,0
A0320,C117,kitchen_bathroom_only,2,725,1,3.2,2,86,152,0
A0321,C282,standard,4,1392,0,4.6,1,81,247,0
A0322,C231,kitchen_bathroom_only,1,466,1,4.7,2,59,117,1
A0323,C287,kitchen_bathroom_only,4,913,0,3.6,2,164,168,0
A0324,C080,deep_clean,2,1455,1,3.0,1,11,270,0
A0325,C138,kitchen_bathroom_only,4,860,0,4.6,3,18,171,1
A0326,C022,standard,3,1495,0,4.6,1,143,242,0
A0327,C113,deep_clean,1,1947,0,2.8,1,164,300,0
A0328,C206,kitchen_bathroom_only,4,1054,1,4.3,2,149,198,0
A0329,C265,deep_clean,4,1848,0,4.8,2,3,314,1
A0330,C197,deep_clean,1,597,1,4.4,2,8,174,1
A0331,C298,kitchen_bathroom_only,2,1453,0,2.5,3,57,205,0
A0332,C164,standard,3,1677,1,2.8,3,129,275,0
A0333,C214,standard,3,1794,0,4.1,2,142,269,0
A0334,C104,deep_clean,2,1722,1,3.5,2,159,302,0
A0335,C157,deep_clean,1,1142,1,4.9,3,110,224,0
A0336,C054,deep_clean,1,1671,0,3.6,2,94,270,0
A0337,C110,deep_clean,1,1591,0,4.7,2,63,256,0
A0338,C283,kitchen_bathroom_only,3,1599,0,3.7,2,158,231,0
A0339,C015,deep_clean,1,799,1,4.7,1,28,188,1
A0340,C139,deep_clean,2,1865,1,3.6,2,47,311,0
A0341,C296,deep_clean,1,1410,1,3.0,3,147,266,0
A0342,C100,kitchen_bathroom_only,1,617,0,4.3,2,152,117,0
A0343,C161,kitchen_bathroom_only,4,1880,1,2.7,2,111,285,0
A0344,C027,deep_clean,4,1268,0,2.6,1,14,258,1
A0345,C233,deep_clean,1,1189,1,3.4,1,37,238,1
A0346,C283,standard,1,759,0,4.1,2,145,143,0
A0347,C175,deep_clean,2,1769,1,2.8,2,145,299,0
A0348,C135,kitchen_bathroom_only,2,1164,1,2.7,3,125,194,0
A0349,C190,deep_clean,4,677,0,3.9,3,53,196,1
A0350,C098,deep_clean,4,1302,0,3.9,1,103,249,0
A0351,C195,deep_clean,2,740,0,3.6,3,42,181,1
A0352,C152,standard,4,1957,0,2.7,1,100,285,0
A0353,C269,kitchen_bathroom_only,3,1824,1,2.7,2,90,275,1
A0354,C211,standard,1,1291,1,2.5,2,44,216,1
A0355,C144,kitchen_bathroom_only,4,1546,1,3.8,1,44,254,1
A0356,C279,standard,3,832,0,2.8,1,58,168,0
A0357,C115,deep_clean,4,841,0,4.8,3,124,210,0
A0358,C045,kitchen_bathroom_only,3,1275,0,4.8,2,179,195,0
A0359,C043,deep_clean,3,1936,1,4.8,2,105,325,0
A0360,C256,deep_clean,3,903,1,3.8,3,70,220,0
A0361,C234,deep_clean,3,1753,0,3.5,3,168,296,0
A0362,C104,deep_clean,2,799,0,4.7,1,122,194,0
A0363,C232,kitchen_bathroom_only,3,1851,0,3.7,1,49,265,0
A0364,C144,standard,4,1677,0,4.5,3,48,271,0
A0365,C114,kitchen_bathroom_only,3,1000,1,4.3,2,140,202,0
A0366,C248,deep_clean,1,461,0,3.2,3,104,151,0
A0367,C025,kitchen_bathroom_only,1,1531,0,4.4,3,54,206,0
A0368,C253,standard,1,1134,1,4.7,1,55,206,0
A0369,C224,kitchen_bathroom_only,2,1300,1,4.6,1,75,217,1
A0370,C071,deep_clean,2,412,0,4.4,3,78,145,0
A0371,C151,standard,3,830,0,3.3,3,165,173,0
A0372,C176,deep_clean,4,1105,1,4.3,1,142,256,0
A0373,C226,deep_clean,1,1379,1,2.5,3,44,251,0
A0374,C140,deep_clean,4,1252,0,3.1,1,0,254,0
A0375,C040,kitchen_bathroom_only,1,1764,1,3.4,1,117,244,0
A0376,C039,standard,4,1960,0,4.1,2,177,294,0
A0377,C291,deep_clean,3,1883,1,2.7,1,56,319,1
A0378,C169,standard,4,820,1,3.5,2,1,194,0
A0379,C010,standard,2,1957,1,4.3,3,128,278,0
A0380,C045,deep_clean,3,410,1,3.5,2,147,179,0
A0381,C156,standard,2,668,1,3.9,3,114,164,0
A0382,C118,kitchen_bathroom_only,3,1313,0,2.7,2,105,206,0
A0383,C158,deep_clean,4,652,0,4.9,3,131,196,0
A0384,C146,standard,3,1991,1,4.6,2,175,305,0
A0385,C290,kitchen_bathroom_only,1,618,1,4.2,1,170,128,0
A0386,C116,kitchen_bathroom_only,4,1867,0,4.8,3,85,269,1
A0387,C172,standard,2,1014,0,3.9,3,90,182,1
A0388,C029,standard,1,1229,1,4.2,3,31,212,0
A0389,C040,deep_clean,1,565,1,4.7,3,42,168,0
A0390,C242,standard,2,1115,0,3.5,1,143,194,0
A0391,C177,deep_clean,3,1871,0,3.1,2,164,308,0
A0392,C299,deep_clean,3,779,1,4.3,2,165,199,0
A0393,C273,deep_clean,1,1153,1,4.9,2,9,228,1
A0394,C070,standard,4,1106,1,4.3,3,10,224,1
A0395,C164,deep_clean,1,648,0,3.8,2,45,157,1
A0396,C298,standard,3,1025,1,3.3,3,71,211,0
A0397,C270,kitchen_bathroom_only,1,435,1,3.0,2,3,127,0
A0398,C152,kitchen_bathroom_only,2,1119,0,3.5,1,143,169,0
A0399,C248,kitchen_bathroom_only,4,1509,0,3.4,1,166,232,0
A0400,C225,deep_clean,1,1880,1,3.5,1,141,301,0
A0401,C111,standard,1,1232,1,4.7,1,68,213,0
A0402,C071,deep_clean,1,1913,1,2.7,2,26,303,1
A0403,C122,kitchen_bathroom_only,4,1344,0,3.5,3,79,222,0
A0404,C280,kitchen_bathroom_only,4,1217,0,5.0,2,32,214,0
A0405,C054,deep_clean,2,853,1,3.7,3,154,213,0
A0406,C183,kitchen_bathroom_only,3,507,0,2.8,2,35,125,1
A0407,C055,standard,2,462,1,2.5,2,162,142,0
A0408,C184,deep_clean,2,996,1,2.7,1,114,225,0
A0409,C160,standard,2,1047,0,3.0,3,84,187,1
A0410,C014,standard,1,1752,0,5.0,2,27,253,1
A0411,C005,deep_clean,2,1670,1,3.2,3,40,294,0
A0412,C170,deep_clean,4,1477,1,4.5,1,58,291,0
A0413,C013,kitchen_bathroom_only,4,1831,0,4.3,1,37,270,1
A0414,C063,deep_clean,1,1899,0,3.0,1,114,288,0
A0415,C278,kitchen_bathroom_only,3,1497,1,4.3,2,56,229,1
A0416,C245,deep_clean,2,446,1,4.1,2,165,171,0
A0417,C143,kitchen_bathroom_only,1,1280,1,3.9,2,162,204,0
A0418,C098,deep_clean,1,1021,0,2.7,2,22,200,0
A0419,C124,standard,1,542,0,4.0,2,10,121,1
A0420,C027,standard,4,1639,1,3.8,3,53,268,0
A0421,C284,standard,4,1948,0,4.2,1,167,295,0
A0422,C138,standard,4,974,0,4.5,3,77,206,0
A0423,C198,deep_clean,4,585,0,4.1,2,57,187,1
A0424,C224,deep_clean,4,1803,0,4.0,3,123,314,0
A0425,C141,kitchen_bathroom_only,2,1364,1,3.2,1,79,218,0
A0426,C138,kitchen_bathroom_only,2,1757,1,4.0,2,44,260,1
A0427,C157,kitchen_bathroom_only,1,1844,0,3.0,1,148,232,0
A0428,C181,standard,4,1544,0,4.6,3,15,260,1
A0429,C013,deep_clean,3,616,0,3.7,2,122,183,0
A0430,C051,kitchen_bathroom_only,2,587,1,2.7,3,121,137,0
A0431,C229,kitchen_bathroom_only,3,1874,0,2.9,2,54,266,1
A0432,C077,deep_clean,1,1062,0,3.0,2,22,218,1
A0433,C016,standard,3,953,0,4.5,2,174,183,0
A0434,C067,deep_clean,1,1410,0,4.9,1,163,237,0
A0435,C226,kitchen_bathroom_only,4,974,1,3.0,1,113,202,0
A0436,C281,kitchen_bathroom_only,3,1039,1,3.7,3,139,190,0
A0437,C287,standard,1,1640,1,4.1,1,79,249,1
A0438,C135,standard,2,1584,1,3.4,1,82,251,1
A0439,C272,standard,4,451,0,4.0,3,158,150,0
A0440,C079,kitchen_bathroom_only,4,829,0,3.4,3,162,165,0
A0441,C291,deep_clean,4,943,0,3.8,1,111,223,0
A0442,C027,standard,3,1614,0,4.6,2,73,247,1
A0443,C094,kitchen_bathroom_only,4,1817,0,3.1,2,84,265,1
A0444,C105,deep_clean,1,451,1,5.0,3,96,157,0
A0445,C019,kitchen_bathroom_only,3,1777,0,3.5,3,177,257,0
A0446,C252,deep_clean,3,1578,1,4.3,3,8,300,1
A0447,C152,deep_clean,1,895,1,5.0,3,90,207,0
A0448,C106,kitchen_bathroom_only,3,1575,0,3.2,2,2,242,0
A0449,C035,standard,4,990,0,4.7,3,148,190,0
A0450,C115,standard,1,713,0,4.9,1,52,149,0
A0451,C204,kitchen_bathroom_only,1,1499,0,3.4,2,37,206,1
A0452,C125,kitchen_bathroom_only,3,1801,0,3.3,3,153,268,0
A0453,C139,kitchen_bathroom_only,3,1697,1,4.5,1,27,260,1
A0454,C095,deep_clean,1,1531,0,3.1,2,166,257,0
A0455,C086,standard,4,479,0,4.6,3,66,150,1
A0456,C125,kitchen_bathroom_only,1,1221,1,2.8,1,63,193,0
A0457,C017,standard,1,1536,0,4.6,1,37,233,0
A0458,C296,kitchen_bathroom_only,4,1149,0,3.2,1,108,207,0
A0459,C180,kitchen_bathroom_only,3,1372,1,2.9,1,150,228,0
A0460,C132,deep_clean,1,647,0,3.6,3,157,165,0
A0461,C230,deep_clean,4,1922,0,4.6,2,98,322,0
A0462,C099,standard,1,877,1,3.9,1,167,177,0
A0463,C289,standard,4,1959,0,4.3,1,146,309,0
A0464,C102,deep_clean,2,1928,0,4.9,3,149,305,0
A0465,C208,deep_clean,4,623,0,4.8,2,123,189,0
A0466,C041,kitchen_bathroom_only,2,1242,0,3.7,2,18,189,0
A0467,C184,deep_clean,3,1638,1,2.9,1,44,294,1
A0468,C195,deep_clean,1,1112,1,3.6,2,120,218,0
A0469,C132,standard,1,1023,0,2.8,3,123,171,0
A0470,C117,standard,2,1386,0,4.0,3,31,222,0
A0471,C026,deep_clean,1,502,0,4.9,3,135,149,0
A0472,C035,kitchen_bathroom_only,1,1925,0,3.3,1,98,256,0
A0473,C180,deep_clean,4,908,0,4.2,2,61,220,0
A0474,C041,kitchen_bathroom_only,2,859,0,4.6,2,15,143,1
A0475,C193,standard,4,1660,0,4.3,3,25,266,1
A0476,C265,standard,1,966,0,4.5,1,55,160,0
A0477,C081,deep_clean,4,490,0,4.2,2,27,178,1
A0478,C079,deep_clean,3,893,1,3.7,1,130,228,0
A0479,C054,deep_clean,1,1569,0,3.2,2,167,266,0
A0480,C033,kitchen_bathroom_only,1,808,0,3.2,1,145,141,0
A0481,C241,standard,2,1505,1,4.8,3,75,244,0
A0482,C033,standard,4,525,0,4.2,3,105,147,0
A0483,C172,kitchen_bathroom_only,4,1592,0,3.7,1,37,244,1
A0484,C258,standard,2,1260,0,4.8,2,149,207,0
A0485,C265,deep_clean,2,1983,0,4.4,2,32,308,0
A0486,C131,kitchen_bathroom_only,3,910,0,3.5,1,8,166,1
A0487,C299,deep_clean,4,746,0,3.2,2,71,202,0
A0488,C198,deep_clean,2,400,0,2.8,2,134,147,0
A0489,C062,standard,1,666,1,2.5,1,3,164,0
A0490,C021,standard,3,972,0,4.5,3,140,182,0
A0491,C082,standard,4,1945,1,2.9,2,133,308,0
A0492,C206,kitchen_bathroom_only,1,563,1,3.4,1,151,134,0
A0493,C103,kitchen_bathroom_only,3,1002,1,3.3,3,6,177,0
A0494,C048,standard,3,1516,0,4.7,3,169,247,0
A0495,C118,kitchen_bathroom_only,3,1271,1,3.6,3,100,211,0
A0496,C250,kitchen_bathroom_only,3,1862,1,4.9,1,147,277,0
A0497,C173,kitchen_bathroom_only,3,614,1,4.2,1,90,153,1
A0498,C235,deep_clean,1,1455,1,4.8,1,119,259,0
A0499,C121,kitchen_bathroom_only,3,793,1,4.2,2,112,162,0
A0500,C003,standard,2,603,0,3.6,3,54,136,1
A0501,C198,kitchen_bathroom_only,4,1847,0,2.9,2,163,268,0
A0502,C149,deep_clean,1,1036,1,3.1,1,177,218,0
A0503,C021,deep_clean,2,1072,1,3.5,3,13,235,1
A0504,C244,deep_clean,2,442,1,4.0,3,86,165,0
A0505,C220,standard,3,1478,0,3.9,2,177,234,0
A0506,C126,deep_clean,3,1190,1,3.0,1,1,250,1
A0507,C065,deep_clean,2,414,1,2.7,3,115,164,0
A0508,C148,kitchen_bathroom_only,3,574,0,3.7,2,13,135,1
A0509,C195,standard,3,574,0,3.9,1,23,146,0
A0510,C283,standard,1,965,1,3.0,3,80,180,1
A0511,C029,kitchen_bathroom_only,3,1101,1,3.5,3,121,201,0
A0512,C031,kitchen_bathroom_only,4,1572,0,4.0,2,118,243,0
A0513,C048,standard,3,1399,0,3.7,2,152,238,0
A0514,C033,deep_clean,4,997,0,4.0,1,122,225,0
A0515,C190,deep_clean,2,1466,1,4.0,2,99,268,0
A0516,C043,deep_clean,1,985,1,3.9,2,86,209,1
A0517,C134,deep_clean,3,1778,0,2.7,2,64,299,0
A0518,C078,standard,2,1791,1,4.0,1,145,268,0
A0519,C298,kitchen_bathroom_only,3,1453,0,4.3,3,30,214,0
A0520,C262,deep_clean,2,1537,0,3.3,1,2,260,1
A0521,C050,standard,4,696,0,4.1,1,160,173,0
A0522,C033,kitchen_bathroom_only,4,617,0,4.4,1,120,140,0
A0523,C021,standard,4,1079,0,4.7,1,16,214,1
A0524,C282,deep_clean,1,737,0,2.6,1,14,163,0
A0525,C188,kitchen_bathroom_only,4,1964,0,4.8,3,159,282,0
A0526,C259,standard,1,1470,1,5.0,2,176,232,0
A0527,C095,kitchen_bathroom_only,4,1754,1,2.6,3,26,273,1
A0528,C059,deep_clean,2,1254,1,3.9,2,35,252,0
A0529,C016,deep_clean,1,1613,1,3.3,2,153,277,0
A0530,C294,kitchen_bathroom_only,1,1017,0,3.8,2,43,157,0
A0531,C187,standard,4,1711,0,3.8,3,34,282,0
A0532,C042,deep_clean,4,1728,0,3.7,2,120,306,0
A0533,C049,kitchen_bathroom_only,1,896,1,3.2,2,104,160,0
A0534,C147,standard,3,1874,1,3.7,2,70,291,1
A0535,C285,deep_clean,2,1639,0,4.7,1,102,267,0
A0536,C133,kitchen_bathroom_only,2,1671,1,5.0,2,5,248,1
A0537,C300,deep_clean,1,1741,0,2.8,3,105,266,0
A0538,C190,kitchen_bathroom_only,2,1645,1,2.5,2,65,247,1
A0539,C049,kitchen_bathroom_only,2,1235,1,2.7,2,95,209,0
A0540,C282,deep_clean,2,1841,1,3.1,2,60,311,0
A0541,C024,deep_clean,2,404,1,4.8,1,44,174,1
A0542,C292,standard,3,1476,0,3.6,2,117,245,0
A0543,C017,kitchen_bathroom_only,3,951,0,4.1,1,123,161,0
A0544,C036,standard,1,1714,1,3.6,3,61,250,1
A0545,C203,standard,1,1909,1,2.8,1,165,274,0
A0546,C032,standard,1,764,0,2.9,1,77,147,1
A0547,C103,standard,4,869,1,3.9,3,149,199,0
A0548,C160,kitchen_bathroom_only,4,1221,1,3.6,2,111,215,0
A0549,C063,kitchen_bathroom_only,3,703,0,4.9,3,20,141,1
A0550,C241,deep_clean,3,1423,1,3.7,3,86,271,1
A0551,C132,standard,2,1284,1,4.9,2,117,226,0
A0552,C259,kitchen_bathroom_only,2,949,0,4.5,1,122,151,0
A0553,C099,deep_clean,1,1569,1,2.5,1,45,282,1
A0554,C085,deep_clean,4,1495,1,4.3,1,43,293,1
A0555,C181,deep_clean,4,1415,0,4.7,2,96,275,0
A0556,C239,kitchen_bathroom_only,3,1615,0,3.0,3,173,229,0
A0557,C195,standard,2,605,0,4.8,3,39,140,1
A0558,C060,standard,4,1206,1,3.8,3,148,232,0
A0559,C240,deep_clean,2,527,1,4.9,3,91,183,0
A0560,C215,standard,1,1355,0,4.0,3,165,202,0
A0561,C264,deep_clean,4,1256,0,4.5,2,113,255,0
A0562,C108,kitchen_bathroom_only,3,1891,1,4.5,1,79,288,1
A0563,C199,kitchen_bathroom_only,1,1137,1,3.7,2,12,176,1
A0564,C056,deep_clean,3,1712,0,5.0,1,132,289,0
A0565,C112,kitchen_bathroom_only,3,670,1,4.4,2,54,160,0
A0566,C256,standard,4,1689,0,4.8,2,136,274,0
A0567,C282,deep_clean,1,1353,0,3.1,3,88,226,0
A0568,C128,kitchen_bathroom_only,2,477,1,4.0,3,104,133,0
A0569,C078,deep_clean,3,1482,1,4.3,1,19,283,1
A0570,C063,kitchen_bathroom_only,4,1609,1,3.1,1,128,264,0
A0571,C143,standard,4,1384,1,2.8,3,132,254,0
A0572,C171,kitchen_bathroom_only,4,1836,0,4.5,3,102,262,0
A0573,C145,deep_clean,2,1732,1,3.1,2,112,300,0
A0574,C159,standard,2,1856,1,3.1,2,79,284,1
A0575,C165,deep_clean,2,1985,1,3.2,2,74,330,1
A0576,C090,deep_clean,1,1931,0,4.7,3,58,298,0
A0577,C035,kitchen_bathroom_only,3,400,0,3.4,3,133,107,0
A0578,C080,kitchen_bathroom_only,4,1477,0,3.7,1,79,232,1
A0579,C077,deep_clean,1,1962,0,3.6,2,116,298,0
A0580,C111,kitchen_bathroom_only,4,1225,1,2.9,1,140,224,0
A0581,C122,deep_clean,3,1432,0,3.5,3,16,265,1
A0582,C088,standard,1,1142,1,2.6,3,132,193,0
A0583,C039,kitchen_bathroom_only,4,772,0,4.5,1,118,164,0
A0584,C006,deep_clean,4,723,0,3.4,3,5,201,1
A0585,C239,deep_clean,1,1215,1,3.6,1,146,236,0
A0586,C078,kitchen_bathroom_only,3,1143,1,3.6,1,100,208,0
A0587,C274,standard,4,1081,1,4.0,2,156,223,0
A0588,C028,kitchen_bathroom_only,4,618,1,2.8,3,27,162,0
A0589,C239,kitchen_bathroom_only,1,1845,0,3.4,1,137,232,0
A0590,C148,deep_clean,1,1993,1,4.4,3,153,317,0
A0591,C246,kitchen_bathroom_only,2,738,0,4.3,2,84,134,1
A0592,C285,deep_clean,1,798,1,3.8,1,96,201,0
A0593,C066,kitchen_bathroom_only,1,1302,1,4.4,2,29,199,1
A0594,C217,kitchen_bathroom_only,4,1998,0,3.4,3,31,283,1
A0595,C145,standard,2,715,0,3.3,2,176,148,0
A0596,C242,kitchen_bathroom_only,3,1033,0,3.6,1,93,184,0
A0597,C110,kitchen_bathroom_only,3,1928,1,3.1,2,152,287,0
A0598,C052,deep_clean,4,1712,0,3.8,2,79,303,1
A0599,C066,deep_clean,2,580,0,4.0,3,132,168,0
A0600,C115,kitchen_bathroom_only,1,1593,0,3.9,1,166,220,0
A0601,C152,kitchen_bathroom_only,2,1102,1,5.0,2,4,188,1
A0602,C104,standard,3,908,1,3.2,2,72,203,0
A0603,C134,kitchen_bathroom_only,3,1581,1,3.9,1,85,253,1
A0604,C247,deep_clean,1,838,1,3.8,3,39,200,1
A0605,C239,kitchen_bathroom_only,4,715,0,4.4,2,132,148,0
A0606,C074,kitchen_bathroom_only,4,446,1,3.6,3,36,136,1
A0607,C155,kitchen_bathroom_only,1,692,0,4.2,3,26,122,1
A0608,C139,kitchen_bathroom_only,4,760,1,4.1,3,102,175,0
A0609,C240,kitchen_bathroom_only,4,1482,0,3.6,3,99,226,0
A0610,C285,standard,1,653,0,4.6,2,36,131,0
A0611,C277,kitchen_bathroom_only,1,792,0,3.3,3,40,125,1
A0612,C031,kitchen_bathroom_only,3,574,0,2.6,3,78,126,0
A0613,C020,kitchen_bathroom_only,1,499,0,3.4,3,139,104,0
A0614,C100,kitchen_bathroom_only,2,1603,1,4.2,2,85,236,1
A0615,C125,kitchen_bathroom_only,3,1267,1,4.3,3,165,216,0
A0616,C158,standard,2,1885,0,4.3,2,163,272,0
A0617,C279,kitchen_bathroom_only,3,1668,1,2.8,3,12,251,1
A0618,C130,deep_clean,4,1765,1,2.6,2,141,323,0
A0619,C286,deep_clean,2,1778,0,4.3,3,139,294,0
A0620,C168,kitchen_bathroom_only,2,1699,0,3.3,3,113,243,0
A0621,C071,standard,1,1554,1,3.7,3,168,233,0
A0622,C113,deep_clean,1,636,0,4.4,3,76,164,0
A0623,C174,standard,4,863,1,2.8,3,92,198,0
A0624,C181,standard,2,1278,0,3.8,2,44,205,1
A0625,C151,standard,3,839,1,3.7,1,89,186,1
A0626,C097,standard,4,1473,1,4.6,2,179,261,0
A0627,C076,kitchen_bathroom_only,1,628,0,4.2,2,129,125,0
A0628,C222,deep_clean,3,1009,0,2.7,2,39,218,1
A0629,C177,deep_clean,3,832,0,4.7,1,150,205,0
A0630,C212,standard,4,1480,0,3.0,3,162,246,0
A0631,C059,deep_clean,2,1563,0,4.0,2,69,263,1
A0632,C133,kitchen_bathroom_only,4,618,0,4.2,1,96,143,0
A0633,C029,deep_clean,4,695,0,4.3,3,123,207,0
A0634,C113,kitchen_bathroom_only,2,1121,1,2.9,2,9,201,0
A0635,C021,deep_clean,3,1023,0,4.0,3,169,220,0
A0636,C281,standard,3,1994,1,4.7,3,42,307,0
A0637,C068,deep_clean,4,593,1,4.4,3,170,206,0
A0638,C117,standard,1,1079,1,3.8,3,83,195,1
A0639,C187,standard,4,1183,1,4.6,2,151,229,0
A0640,C017,deep_clean,1,1154,0,4.9,2,161,216,0
A0641,C245,standard,2,492,1,2.5,1,93,135,0
A0642,C151,standard,4,1276,1,4.2,3,129,236,0
A0643,C051,kitchen_bathroom_only,4,849,1,3.6,2,94,189,0
A0644,C183,standard,1,570,0,4.5,1,115,122,0
A0645,C046,standard,4,623,1,3.2,1,43,173,0
A0646,C284,kitchen_bathroom_only,4,1397,1,4.5,1,177,240,0
A0647,C253,deep_clean,2,1459,0,2.9,3,39,253,1
A0648,C256,kitchen_bathroom_only,3,502,1,3.9,1,20,141,0
A0649,C067,deep_clean,4,1957,1,4.5,3,172,353,0
A0650,C060,kitchen_bathroom_only,3,1535,1,4.4,2,32,241,1
A0651,C184,kitchen_bathroom_only,1,1767,0,4.3,3,109,238,0
A0652,C043,standard,4,886,1,3.3,2,100,198,0
A0653,C135,kitchen_bathroom_only,1,1292,0,3.9,1,31,176,1
A0654,C121,kitchen_bathroom_only,4,1337,0,3.4,1,45,221,1
A0655,C069,deep_clean,4,1457,0,3.8,2,18,280,1
A0656,C002,standard,4,1956,1,3.5,1,121,313,0
A0657,C297,standard,1,751,0,5.0,1,134,149,0
A0658,C294,deep_clean,3,835,0,3.5,3,145,206,0
A0659,C056,standard,3,1647,1,2.6,2,124,275,0
A0660,C226,standard,1,1574,0,4.6,3,88,233,1
A0661,C264,deep_clean,2,1379,0,4.0,2,102,245,0
A0662,C280,standard,3,935,1,3.6,1,142,201,0
A0663,C082,standard,2,881,0,3.9,2,23,166,1
A0664,C167,deep_clean,2,656,0,4.9,2,32,171,0
A0665,C057,kitchen_bathroom_only,2,1641,0,3.2,1,179,231,0
A0666,C135,deep_clean,2,1537,1,3.4,1,79,281,1
A0667,C244,kitchen_bathroom_only,4,1213,1,3.1,3,154,222,0
A0668,C100,standard,4,736,1,4.9,1,67,189,1
A0669,C141,standard,2,786,1,4.5,1,24,177,1
A0670,C071,kitchen_bathroom_only,2,1353,1,3.9,1,140,209,0
A0671,C094,kitchen_bathroom_only,1,1241,1,4.8,1,173,202,0
A0672,C098,kitchen_bathroom_only,2,1448,0,4.7,3,1,211,1
A0673,C134,deep_clean,1,1764,1,2.7,3,63,293,1
A0674,C070,deep_clean,2,1785,0,3.1,3,116,286,0
A0675,C180,kitchen_bathroom_only,2,951,0,3.3,3,66,160,1
A0676,C128,deep_clean,1,1612,0,4.0,2,47,263,1
A0677,C049,standard,1,1288,0,2.7,3,11,197,0
A0678,C128,kitchen_bathroom_only,2,677,1,2.7,3,11,149,1
A0679,C009,standard,4,1739,0,2.6,3,8,275,0
A0680,C034,deep_clean,2,931,0,4.1,1,145,200,0
A0681,C244,deep_clean,2,545,1,4.3,2,91,177,0
A0682,C069,standard,1,509,0,2.6,3,165,122,0
A0683,C257,standard,3,931,0,3.5,3,4,185,0
A0684,C285,standard,3,900,1,4.1,3,20,192,1
A0685,C127,kitchen_bathroom_only,2,575,0,3.1,2,19,130,1
A0686,C011,kitchen_bathroom_only,3,1444,0,4.3,1,46,219,0
A0687,C249,kitchen_bathroom_only,3,1008,1,3.4,3,103,184,0
A0688,C232,kitchen_bathroom_only,2,933,0,3.5,2,138,147,0
A0689,C207,deep_clean,4,1077,1,2.7,1,122,255,0
A0690,C010,kitchen_bathroom_only,4,1237,0,4.7,2,32,206,1
A0691,C009,deep_clean,1,900,1,4.1,3,147,211,0
A0692,C119,kitchen_bathroom_only,4,1359,1,4.0,3,9,242,1
A0693,C055,standard,2,1064,1,3.2,2,155,200,0
A0694,C129,kitchen_bathroom_only,4,1165,1,3.2,2,177,211,0
A0695,C209,standard,1,1741,1,3.6,2,96,259,0
A0696,C001,deep_clean,4,1481,0,4.8,3,173,281,0
A0697,C113,deep_clean,2,1665,0,4.9,2,177,270,0
A0698,C219,standard,3,1469,0,3.6,3,71,245,0
A0699,C248,standard,3,572,1,3.3,3,1,162,1
A0700,C209,standard,3,1534,1,4.4,3,122,260,0
A0701,C274,standard,3,693,1,4.7,1,52,171,0
A0702,C210,standard,2,421,1,3.1,2,44,134,1
A0703,C187,deep_clean,1,814,1,4.7,1,4,201,1
A0704,C137,standard,3,1746,1,3.2,2,158,278,0
A0705,C044,deep_clean,3,1652,0,2.8,2,95,288,0
A0706,C007,deep_clean,4,1721,0,2.6,2,64,302,0
A0707,C188,kitchen_bathroom_only,3,1199,0,4.0,3,31,197,1
A0708,C299,kitchen_bathroom_only,2,1076,0,3.7,2,176,175,0
A0709,C294,standard,3,1639,1,3.3,1,5,271,1
A0710,C181,standard,1,1976,0,4.4,3,148,271,0
A0711,C168,deep_clean,2,1466,0,3.1,1,26,258,1
A0712,C088,deep_clean,1,1530,1,3.0,3,54,272,0
A0713,C053,kitchen_bathroom_only,4,538,0,3.2,1,78,135,0
A0714,C208,deep_clean,3,770,0,2.7,1,33,206,0
A0715,C015,kitchen_bathroom_only,3,1237,1,3.3,1,86,214,0
A0716,C131,standard,3,1636,0,4.3,3,43,250,1
A0717,C081,kitchen_bathroom_only,2,884,1,3.8,1,125,166,0
A0718,C092,standard,1,1823,1,3.9,3,68,258,0
A0719,C273,standard,3,1264,0,4.6,1,115,216,0
A0720,C001,standard,1,959,1,2.7,1,144,177,0
A0721,C013,kitchen_bathroom_only,4,1722,0,3.0,1,36,270,0
A0722,C176,deep_clean,1,932,0,3.3,2,143,191,0
A0723,C245,kitchen_bathroom_only,2,1975,1,4.0,1,117,281,0
A0724,C057,kitchen_bathroom_only,2,571,1,3.2,3,38,139,1
A0725,C117,standard,2,765,1,4.7,1,96,171,0
A0726,C183,kitchen_bathroom_only,2,1746,1,3.2,3,67,252,0
A0727,C195,standard,2,542,1,3.6,2,119,149,0
A0728,C089,standard,3,1254,0,3.5,2,115,210,0
A0729,C059,standard,2,1991,0,4.5,3,114,287,0
A0730,C145,kitchen_bathroom_only,1,1639,1,3.0,3,39,238,1
A0731,C138,standard,3,541,0,3.6,1,10,140,0
A0732,C083,deep_clean,3,1382,1,3.0,2,22,273,0
A0733,C188,standard,3,1959,0,2.5,2,79,285,0
A0734,C083,standard,2,1880,0,3.2,1,110,264,0
A0735,C116,standard,4,1598,0,4.2,3,59,269,1
A0736,C236,kitchen_bathroom_only,2,1593,1,3.3,1,156,243,0
A0737,C299,kitchen_bathroom_only,2,1240,0,3.3,2,80,187,0
A0738,C142,deep_clean,2,1658,0,3.4,1,145,274,0
A0739,C169,deep_clean,3,1575,0,3.3,2,35,284,0
A0740,C049,kitchen_bathroom_only,3,1040,1,4.3,3,77,199,1
A0741,C211,kitchen_bathroom_only,2,814,0,3.3,3,117,147,0
A0742,C023,standard,1,410,1,4.1,3,93,123,0
A0743,C140,deep_clean,4,802,0,2.8,3,139,214,0
A0744,C227,deep_clean,4,1158,0,2.6,3,87,248,1
A0745,C269,kitchen_bathroom_only,2,628,0,3.5,3,37,125,1
A0746,C130,standard,4,935,1,3.2,2,28,214,0
A0747,C159,deep_clean,3,1150,0,4.8,1,40,236,1
A0748,C177,standard,2,785,0,3.1,3,32,163,0
A0749,C274,kitchen_bathroom_only,4,440,0,4.3,3,127,131,0
A0750,C012,kitchen_bathroom_only,3,1673,0,3.8,1,85,253,1
A0751,C113,deep_clean,2,1429,0,3.7,1,170,250,0
A0752,C110,standard,2,1177,0,4.5,3,113,195,0
A0753,C014,deep_clean,4,1753,0,2.7,3,128,304,0
A0754,C208,standard,1,1409,0,4.5,3,92,213,0
A0755,C149,deep_clean,3,1019,0,4.6,3,165,225,0
A0756,C221,deep_clean,2,774,0,4.5,1,47,185,1
A0757,C086,standard,3,840,0,3.5,3,73,189,1
A0758,C207,kitchen_bathroom_only,2,1198,0,3.5,3,95,184,0
A0759,C029,deep_clean,4,1324,1,3.7,2,137,278,0
A0760,C158,standard,4,1191,1,4.4,2,89,235,0
A0761,C295,kitchen_bathroom_only,1,1926,0,2.6,3,124,245,0
A0762,C246,deep_clean,4,467,0,2.6,3,68,178,0
A0763,C059,kitchen_bathroom_only,3,935,1,2.9,2,13,182,1
A0764,C292,deep_clean,2,1334,0,4.9,3,119,235,0
A0765,C010,kitchen_bathroom_only,4,1360,0,4.5,3,20,226,1
A0766,C177,kitchen_bathroom_only,3,1013,0,4.2,3,155,181,0
A0767,C080,standard,4,568,1,4.8,1,3,162,1
A0768,C201,standard,4,509,1,4.9,3,38,161,0
A0769,C218,deep_clean,2,812,0,4.3,3,80,192,0
A0770,C168,kitchen_bathroom_only,3,818,0,3.0,1,73,162,1
A0771,C009,deep_clean,4,1017,1,3.4,3,66,252,1
A0772,C268,kitchen_bathroom_only,3,1978,0,3.9,2,157,273,0
A0773,C237,deep_clean,3,1873,0,3.5,2,118,299,0
A0774,C097,kitchen_bathroom_only,4,1596,0,3.5,1,106,242,0
A0775,C105,deep_clean,1,1139,1,3.3,2,138,233,0
A0776,C268,deep_clean,1,1382,1,2.7,1,38,254,0
A0777,C047,standard,4,1464,0,3.5,3,127,254,0
A0778,C276,deep_clean,4,545,0,4.0,2,80,191,1
A0779,C137,deep_clean,2,1316,1,4.0,1,36,259,1
A0780,C271,kitchen_bathroom_only,1,637,1,2.5,1,143,130,0
A0781,C114,deep_clean,4,1802,0,3.1,3,35,307,1
A0782,C065,deep_clean,2,930,1,3.0,3,143,215,0
A0783,C141,kitchen_bathroom_only,2,989,0,4.3,1,146,166,0
A0784,C051,kitchen_bathroom_only,2,495,1,4.3,1,52,128,0
A0785,C160,deep_clean,4,1347,1,3.3,2,26,282,0
A0786,C227,deep_clean,1,1039,1,3.6,3,164,217,0
A0787,C233,kitchen_bathroom_only,1,1692,1,4.3,1,51,228,1
A0788,C078,deep_clean,3,996,0,4.8,2,35,221,0
A0789,C271,deep_clean,2,1831,1,3.5,1,15,310,0
A0790,C140,standard,3,1967,0,2.7,3,69,286,1
A0791,C129,deep_clean,1,571,0,4.7,3,175,163,0
A0792,C065,standard,2,961,0,4.9,3,24,173,1
A0793,C081,standard,3,1256,1,2.5,1,40,223,0
A0794,C126,standard,2,1824,0,3.3,3,67,261,0
A0795,C221,kitchen_bathroom_only,3,1599,1,2.7,3,95,239,0
A0796,C022,standard,3,1527,1,4.9,1,62,259,1
A0797,C217,deep_clean,1,646,0,4.2,2,163,157,0
A0798,C108,deep_clean,3,1912,0,4.9,2,98,309,0
A0799,C164,standard,3,1828,0,4.1,2,158,280,0
A0800,C196,standard,4,1276,0,3.0,2,70,232,0
A0801,C263,deep_clean,1,1636,0,2.6,1,151,268,0
A0802,C229,standard,1,1323,1,4.7,1,35,223,0
A0803,C285,standard,2,1431,1,3.7,2,57,240,1
A0804,C221,standard,2,1309,1,3.5,1,92,228,0
A0805,C290,deep_clean,1,1537,1,4.2,1,21,267,1
A0806,C207,standard,4,1041,1,3.5,1,178,221,0
A0807,C145,standard,4,456,0,3.7,1,9,144,0
A0808,C046,deep_clean,1,1815,0,3.8,3,99,279,0
A0809,C265,standard,1,1882,1,4.3,1,140,277,0
A0810,C193,kitchen_bathroom_only,1,1252,1,3.0,3,22,195,0
A0811,C204,deep_clean,1,1208,0,3.3,2,176,220,0
A0812,C217,deep_clean,3,1864,0,4.9,3,44,301,1
A0813,C024,deep_clean,3,1803,1,3.7,2,13,316,0
A0814,C163,kitchen_bathroom_only,2,1851,0,3.0,3,166,240,0
A0815,C065,deep_clean,2,408,0,2.5,1,42,151,1
A0816,C189,kitchen_bathroom_only,2,1515,0,2.9,1,133,219,0
A0817,C282,standard,4,1320,1,4.2,3,27,252,1
A0818,C235,kitchen_bathroom_only,4,1961,0,2.9,1,87,267,0
A0819,C285,kitchen_bathroom_only,2,1012,0,3.4,2,25,162,0
A0820,C201,kitchen_bathroom_only,1,1328,0,4.3,2,153,190,0
A0821,C192,deep_clean,1,1513,1,4.8,2,52,272,0
A0822,C095,deep_clean,2,569,0,3.7,1,66,162,1
A0823,C095,kitchen_bathroom_only,3,1076,0,4.7,3,178,179,0
A0824,C062,standard,1,606,1,4.3,2,93,155,0
A0825,C281,kitchen_bathroom_only,4,1614,1,4.9,3,154,260,0
A0826,C082,standard,2,602,0,4.9,1,118,141,0
A0827,C216,deep_clean,4,531,0,4.9,2,135,187,0
A0828,C221,deep_clean,3,950,1,3.6,2,77,232,1
A0829,C021,deep_clean,1,1564,0,3.5,2,118,256,0
A0830,C034,standard,3,1587,1,2.9,2,135,274,0
A0831,C153,standard,3,1967,1,4.8,3,128,307,0
A0832,C092,standard,3,845,1,4.0,2,66,191,1
A0833,C004,kitchen_bathroom_only,3,1299,1,3.5,3,139,225,0
A0834,C182,standard,1,1816,0,3.7,1,117,258,0
A0835,C158,standard,1,852,0,3.2,2,173,158,0
A0836,C077,kitchen_bathroom_only,4,1479,1,3.8,1,104,242,0
A0837,C193,deep_clean,4,717,0,3.3,3,156,210,0
A0838,C255,standard,4,1139,1,3.9,1,84,223,0
A0839,C098,kitchen_bathroom_only,3,776,1,2.9,2,38,173,1
A0840,C111,standard,2,744,0,4.8,3,33,153,1
A0841,C233,kitchen_bathroom_only,2,466,1,4.8,1,62,129,0
A0842,C097,standard,2,842,1,3.0,2,46,181,0
A0843,C199,standard,4,1186,0,3.5,1,93,224,0
A0844,C107,kitchen_bathroom_only,2,1899,0,3.4,1,102,258,0
A0845,C061,standard,2,1561,0,4.4,2,29,240,1
A0846,C077,kitchen_bathroom_only,3,1325,1,3.2,2,107,226,0
A0847,C065,standard,2,1573,0,3.6,3,62,244,0
A0848,C151,standard,4,953,0,3.2,3,23,194,1
A0849,C045,kitchen_bathroom_only,4,1282,1,3.4,1,176,222,0
A0850,C046,deep_clean,2,945,0,4.1,1,139,196,0
A0851,C277,standard,2,1518,1,4.2,1,36,242,0
A0852,C096,deep_clean,4,1860,0,2.8,3,158,324,0
A0853,C107,deep_clean,4,1218,0,3.1,1,127,249,0
A0854,C222,standard,3,771,0,4.1,2,68,160,0
A0855,C262,kitchen_bathroom_only,3,1794,0,4.3,3,51,255,1
A0856,C168,deep_clean,3,467,1,3.2,1,36,178,1
A0857,C021,deep_clean,3,1253,0,2.6,3,179,234,0
A0858,C230,standard,3,1704,0,3.1,3,131,257,0
A0859,C285,standard,3,1946,1,3.7,3,39,300,0
A0860,C011,deep_clean,2,745,1,4.2,2,176,205,0
A0861,C152,deep_clean,3,548,0,2.6,3,99,168,0
A0862,C016,deep_clean,4,1197,0,2.9,1,120,241,0
A0863,C001,deep_clean,4,1469,0,3.4,3,70,282,1
A0864,C078,kitchen_bathroom_only,3,945,0,4.3,1,153,182,0
A0865,C179,kitchen_bathroom_only,2,798,1,3.1,1,116,163,0
A0866,C208,standard,4,1059,0,3.2,1,22,209,1
A0867,C252,kitchen_bathroom_only,2,1071,0,4.9,2,143,176,0
A0868,C088,standard,2,726,0,5.0,1,138,154,0
A0869,C224,kitchen_bathroom_only,2,579,1,2.7,2,161,138,0
A0870,C134,kitchen_bathroom_only,1,1983,1,3.2,2,136,268,0
A0871,C268,deep_clean,4,522,0,3.3,3,41,178,0
A0872,C283,deep_clean,1,799,0,2.7,2,78,178,0
A0873,C160,kitchen_bathroom_only,2,510,1,4.7,3,99,126,0
A0874,C020,standard,2,1417,1,2.8,3,109,231,0
A0875,C213,standard,2,1489,0,3.8,1,166,230,0
A0876,C136,deep_clean,3,1012,0,2.6,1,104,228,0
A0877,C068,deep_clean,3,1699,0,3.6,1,150,294,0
A0878,C003,deep_clean,1,1156,0,3.7,1,45,208,1
A0879,C219,standard,4,1377,1,4.4,2,6,250,1
A0880,C024,standard,1,1824,0,3.9,1,139,244,0
A0881,C180,kitchen_bathroom_only,3,1711,0,4.1,1,70,245,1
A0882,C187,kitchen_bathroom_only,4,1815,1,3.3,2,145,281,0
A0883,C290,deep_clean,4,1489,0,3.1,3,37,279,1
A0884,C166,standard,4,1917,0,3.9,2,45,285,0
A0885,C117,deep_clean,4,712,0,4.5,2,10,193,1
A0886,C248,standard,2,1871,0,4.0,1,107,269,0
A0887,C236,kitchen_bathroom_only,3,443,1,4.9,2,99,134,0
A0888,C263,deep_clean,4,919,1,4.9,2,118,240,0
A0889,C103,deep_clean,3,749,0,3.7,3,26,196,0
A0890,C252,deep_clean,2,798,0,3.0,3,158,197,0
A0891,C269,standard,1,1217,0,2.7,3,8,194,1
A0892,C137,standard,4,1799,0,3.0,3,135,281,0
A0893,C090,kitchen_bathroom_only,4,1008,0,2.6,3,36,186,0
A0894,C003,deep_clean,3,1214,1,4.9,1,13,257,1
A0895,C125,kitchen_bathroom_only,4,426,1,2.9,1,1,145,0
A0896,C091,deep_clean,2,790,0,2.8,1,128,183,0
A0897,C076,kitchen_bathroom_only,4,1439,0,4.0,2,80,223,1
A0898,C102,deep_clean,1,1513,0,4.9,1,23,248,1
A0899,C271,kitchen_bathroom_only,4,737,0,2.8,3,69,163,0
A0900,C136,kitchen_bathroom_only,2,1989,0,4.1,1,29,261,1
A0901,C091,standard,3,1279,0,3.6,1,162,215,0
A0902,C260,kitchen_bathroom_only,2,1236,1,3.2,2,128,205,0
A0903,C111,deep_clean,4,619,1,3.8,1,71,203,1
A0904,C136,standard,1,1248,1,3.9,2,27,221,0
A0905,C152,standard,2,1839,1,2.7,3,152,282,0
A0906,C065,kitchen_bathroom_only,1,857,1,2.8,2,141,158,0
A0907,C060,kitchen_bathroom_only,3,979,1,3.4,1,65,187,0
A0908,C199,kitchen_bathroom_only,1,571,1,4.5,3,155,126,0
A0909,C251,deep_clean,3,1983,0,3.4,1,158,324,0
A0910,C064,kitchen_bathroom_only,3,1891,1,4.1,3,51,287,1
A0911,C290,standard,4,1166,0,3.7,1,52,214,1
A0912,C022,standard,2,1413,1,3.5,2,172,229,0
A0913,C188,kitchen_bathroom_only,2,1965,1,4.7,2,82,278,0
A0914,C181,kitchen_bathroom_only,1,1781,0,2.9,3,47,233,1
A0915,C041,kitchen_bathroom_only,4,1462,1,4.8,3,100,239,0
A0916,C092,standard,1,480,0,4.2,3,162,108,0
A0917,C206,kitchen_bathroom_only,2,558,1,3.3,3,32,141,1
A0918,C295,kitchen_bathroom_only,4,1753,0,4.2,3,170,266,0
A0919,C036,standard,1,1186,0,2.8,1,48,191,0
A0920,C129,deep_clean,1,1142,0,2.7,3,28,222,0
A0921,C203,deep_clean,2,665,0,4.3,3,79,174,0
A0922,C182,deep_clean,2,559,1,3.8,2,83,176,0
A0923,C167,deep_clean,2,1092,0,3.4,3,73,219,0
A0924,C145,kitchen_bathroom_only,3,837,0,2.9,1,94,155,0
A0925,C218,standard,4,1228,1,4.0,1,178,235,0
A0926,C190,deep_clean,3,966,1,4.3,2,110,235,0
A0927,C145,standard,1,1507,0,2.7,3,142,226,0
A0928,C276,standard,2,1624,0,3.8,1,123,243,0
A0929,C288,deep_clean,4,1223,1,3.2,2,18,270,0
A0930,C190,kitchen_bathroom_only,4,1949,0,2.9,1,112,290,0
A0931,C294,deep_clean,4,1655,1,3.3,2,106,317,0
A0932,C285,deep_clean,1,1341,0,3.7,1,19,228,1
A0933,C114,kitchen_bathroom_only,4,1594,1,3.4,2,157,263,0
A0934,C217,kitchen_bathroom_only,2,1535,1,4.1,1,39,243,1
A0935,C063,deep_clean,2,1945,0,3.3,3,99,301,0
A0936,C296,kitchen_bathroom_only,2,787,0,3.6,2,84,143,1
A0937,C176,standard,1,1526,1,3.5,1,120,233,0
A0938,C009,deep_clean,4,1521,0,4.0,2,0,285,1
A0939,C210,deep_clean,1,1610,0,3.8,1,150,256,0
A0940,C088,deep_clean,2,1312,0,4.5,3,148,242,0
A0941,C084,standard,2,1946,1,2.8,2,146,298,0
A0942,C121,kitchen_bathroom_only,2,1975,0,3.5,3,8,261,0
A0943,C043,standard,2,528,1,3.7,3,47,153,1
A0944,C021,kitchen_bathroom_only,2,1862,0,3.7,1,144,254,0
A0945,C179,standard,3,914,0,4.6,1,49,179,0
A0946,C007,deep_clean,4,842,1,4.5,3,32,222,1
A0947,C249,standard,3,517,1,3.4,2,131,157,0
A0948,C185,standard,3,1277,0,4.2,3,85,222,1
A0949,C127,kitchen_bathroom_only,4,1104,1,3.9,3,55,222,0
A0950,C188,deep_clean,2,1019,0,2.8,1,172,214,0
A0951,C045,standard,1,651,1,4.7,1,174,147,0
A0952,C041,deep_clean,1,1859,0,3.4,1,52,288,1
A0953,C175,deep_clean,4,1566,1,2.6,1,18,305,0
A0954,C216,kitchen_bathroom_only,3,694,1,3.7,2,36,164,0
A0955,C193,deep_clean,2,1388,1,2.9,3,67,260,0
A0956,C105,deep_clean,4,1408,1,3.2,1,145,279,0
A0957,C233,standard,3,1881,0,3.5,2,53,279,0
A0958,C160,kitchen_bathroom_only,1,1972,0,4.0,3,120,256,0
A0959,C069,standard,2,1301,0,3.4,1,47,205,1
A0960,C129,standard,4,586,0,4.6,1,120,148,0
A0961,C140,deep_clean,2,1453,1,3.5,2,51,274,0
A0962,C227,deep_clean,2,491,0,4.0,1,107,159,0
A0963,C163,kitchen_bathroom_only,2,491,1,4.0,3,85,130,0
A0964,C285,deep_clean,1,850,0,2.9,1,21,185,1
A0965,C015,deep_clean,1,1288,1,4.5,1,97,245,0
A0966,C177,deep_clean,4,507,0,3.8,2,83,182,1
A0967,C201,deep_clean,4,1416,1,4.3,2,152,284,0
A0968,C005,standard,1,1193,0,3.5,3,167,188,0
A0969,C279,deep_clean,2,1293,0,3.8,2,17,233,1
A0970,C029,deep_clean,2,1899,1,3.5,2,123,313,0
A0971,C162,standard,1,1149,1,4.1,1,42,200,1
A0972,C046,kitchen_bathroom_only,2,612,1,4.1,2,61,141,1
A0973,C262,standard,1,1672,1,2.8,2,69,252,1
A0974,C140,kitchen_bathroom_only,1,1287,0,3.7,1,173,188,0
A0975,C094,kitchen_bathroom_only,1,611,1,3.1,2,130,128,0
A0976,C145,kitchen_bathroom_only,2,666,1,4.2,3,173,149,0
A0977,C062,standard,4,1016,0,4.4,1,46,189,0
A0978,C072,standard,3,1424,0,4.5,2,13,233,1
A0979,C150,kitchen_bathroom_only,3,765,1,4.3,3,106,163,0
A0980,C276,standard,4,1269,1,4.8,3,64,241,0
A0981,C033,deep_clean,4,1656,0,3.6,1,166,298,0
A0982,C269,standard,3,1005,1,4.3,3,54,206,0
A0983,C219,standard,3,1903,0,3.9,2,8,281,0
A0984,C121,kitchen_bathroom_only,1,1367,0,4.6,1,53,182,0
A0985,C155,deep_clean,1,1543,0,3.6,1,126,248,0
A0986,C001,kitchen_bathroom_only,2,1050,1,2.6,1,80,188,1
A0987,C270,deep_clean,1,1053,1,4.5,3,128,215,0
A0988,C052,kitchen_bathroom_only,1,1415,0,4.4,2,96,199,0
A0989,C211,standard,4,1575,1,4.2,3,124,269,0
A0990,C280,kitchen_bathroom_only,4,1980,0,4.7,1,63,283,1
A0991,C196,deep_clean,1,681,0,4.8,3,125,169,0
A0992,C238,deep_clean,3,490,0,5.0,3,174,167,0
A0993,C040,deep_clean,4,678,0,4.9,1,146,195,0
A0994,C226,standard,3,1993,1,4.8,2,140,303,0
A0995,C009,standard,3,539,1,3.0,3,145,157,0
A0996,C204,deep_clean,4,1041,1,4.5,3,177,250,0
A0997,C243,deep_clean,3,920,1,3.1,1,52,228,1
A0998,C114,kitchen_bathroom_only,2,1763,0,2.8,2,120,241,0
A0999,C261,standard,4,1770,0,4.0,1,154,269,0
A1000,C119,kitchen_bathroom_only,3,1293,1,5.0,3,87,224,1
